family,p,q,K,param,lambda1,period,escaped,acf_max_1_64,acf_argmax_1_64,acf_pos_peak_lag,acf_tail_max_65_512,acf_tail_argmax,acf_far_max_4001_4096,acf_far_argmax,acf_decay_lag_005,acf_floor_3sigma,N
logistic,3,5,0.05,3.500000,-0.06666,4,0,0.99996,4,4,0.99932,68,0.95996,4004,-1,0.00949,100000
logistic,3,5,0.05,3.501000,-0.07358,4,0,0.99996,4,4,0.99932,68,0.95996,4004,-1,0.00949,100000
logistic,3,5,0.05,3.502000,-0.08072,4,0,0.99996,4,4,0.99932,68,0.95996,4004,-1,0.00949,100000
logistic,3,5,0.05,3.503000,-0.08808,4,0,0.99996,4,4,0.99932,68,0.95996,4004,-1,0.00949,100000
logistic,3,5,0.05,3.504000,-0.09567,4,0,0.99996,4,4,0.99932,68,0.95996,4004,-1,0.00949,100000
logistic,3,5,0.05,3.505000,-0.10351,4,0,0.99996,4,4,0.99932,68,0.95996,4004,-1,0.00949,100000
logistic,3,5,0.05,3.506000,-0.11163,4,0,0.99996,4,4,0.99932,68,0.95996,4004,-1,0.00949,100000
logistic,3,5,0.05,3.507000,-0.12002,4,0,0.99996,4,4,0.99932,68,0.95996,4004,-1,0.00949,100000
logistic,3,5,0.05,3.508000,-0.12873,4,0,0.99996,4,4,0.99932,68,0.95996,4004,-1,0.00949,100000
logistic,3,5,0.05,3.509000,-0.13776,4,0,0.99996,4,4,0.99932,68,0.95996,4004,-1,0.00949,100000
logistic,3,5,0.05,3.510000,-0.14716,4,0,0.99996,4,4,0.99932,68,0.95996,4004,-1,0.00949,100000
logistic,3,5,0.05,3.511000,-0.15693,4,0,0.99996,4,4,0.99932,68,0.95996,4004,-1,0.00949,100000
logistic,3,5,0.05,3.512000,-0.16713,4,0,0.99996,4,4,0.99932,68,0.95996,4004,-1,0.00949,100000
logistic,3,5,0.05,3.513000,-0.17778,4,0,0.99996,4,4,0.99932,68,0.95996,4004,-1,0.00949,100000
logistic,3,5,0.05,3.514000,-0.18893,4,0,0.99996,4,4,0.99932,68,0.95996,4004,-1,0.00949,100000
logistic,3,5,0.05,3.515000,-0.20063,4,0,0.99996,4,4,0.99932,68,0.95996,4004,-1,0.00949,100000
logistic,3,5,0.05,3.516000,-0.21295,4,0,0.99996,4,4,0.99932,68,0.95996,4004,-1,0.00949,100000
logistic,3,5,0.05,3.517000,-0.22593,4,0,0.99996,4,4,0.99932,68,0.95996,4004,-1,0.00949,100000
logistic,3,5,0.05,3.518000,-0.23968,4,0,0.99996,4,4,0.99932,68,0.95996,4004,-1,0.00949,100000
logistic,3,5,0.05,3.519000,-0.25429,4,0,0.99996,4,4,0.99932,68,0.95996,4004,-1,0.00949,100000
logistic,3,5,0.05,3.520000,-0.26989,4,0,0.99996,4,4,0.99932,68,0.95996,4004,-1,0.00949,100000
logistic,3,5,0.05,3.521000,-0.28663,4,0,0.99996,4,4,0.99932,68,0.95996,4004,-1,0.00949,100000
logistic,3,5,0.05,3.522000,-0.30474,4,0,0.99996,4,4,0.99932,68,0.95996,4004,-1,0.00949,100000
logistic,3,5,0.05,3.523000,-0.32451,4,0,0.99996,4,4,0.99932,68,0.95996,4004,-1,0.00949,100000
logistic,3,5,0.05,3.524000,-0.34646,4,0,0.99996,4,4,0.99932,68,0.95996,4004,-1,0.00949,100000
logistic,3,5,0.05,3.525000,-0.37155,4,0,0.99996,4,4,0.99932,68,0.95996,4004,-1,0.00949,100000
logistic,3,5,0.05,3.526000,-0.40291,4,0,0.99996,4,4,0.99932,68,0.95996,4004,-1,0.00949,100000
logistic,3,5,0.05,3.527000,-0.44048,4,0,0.99996,4,4,0.99932,68,0.95996,4004,-1,0.00949,100000
logistic,3,5,0.05,3.528000,-0.45645,4,0,0.99996,4,4,0.99932,68,0.95996,4004,-1,0.00949,100000
logistic,3,5,0.05,3.529000,-0.47451,4,0,0.99996,4,4,0.99932,68,0.95996,4004,-1,0.00949,100000
logistic,3,5,0.05,3.530000,-0.49525,4,0,0.99996,4,4,0.99932,68,0.95996,4004,-1,0.00949,100000
logistic,3,5,0.05,3.531000,-0.51959,4,0,0.99996,4,4,0.99932,68,0.95996,4004,-1,0.00949,100000
logistic,3,5,0.05,3.532000,-0.53149,4,0,0.99996,4,4,0.99932,68,0.95996,4004,-1,0.00949,100000
logistic,3,5,0.05,3.533000,-0.51851,4,0,0.99996,4,4,0.99932,68,0.95996,4004,-1,0.00949,100000
logistic,3,5,0.05,3.534000,-0.51805,4,0,0.99996,4,4,0.99932,68,0.95996,4004,-1,0.00949,100000
logistic,3,5,0.05,3.535000,-0.52043,4,0,0.99996,4,4,0.99932,68,0.95996,4004,-1,0.00949,100000
logistic,3,5,0.05,3.536000,-0.52430,4,0,0.99996,4,4,0.99932,68,0.95996,4004,-1,0.00949,100000
logistic,3,5,0.05,3.537000,-0.52920,4,0,0.99996,4,4,0.99932,68,0.95996,4004,-1,0.00949,100000
logistic,3,5,0.05,3.538000,-0.53495,4,0,0.99996,4,4,0.99932,68,0.95996,4004,-1,0.00949,100000
logistic,3,5,0.05,3.539000,-0.54148,4,0,0.99996,4,4,0.99932,68,0.95996,4004,-1,0.00949,100000
logistic,3,5,0.05,3.540000,-0.54877,4,0,0.99996,4,4,0.99932,68,0.95996,4004,-1,0.00949,100000
logistic,3,5,0.05,3.541000,-0.54909,4,0,0.99996,4,4,0.99932,68,0.95996,4004,-1,0.00949,100000
logistic,3,5,0.05,3.542000,-0.50317,4,0,0.99996,4,4,0.99932,68,0.95996,4004,-1,0.00949,100000
logistic,3,5,0.05,3.543000,-0.46440,4,0,0.99996,4,4,0.99932,68,0.95996,4004,-1,0.00949,100000
logistic,3,5,0.05,3.544000,-0.43083,4,0,0.99996,4,4,0.99932,68,0.95996,4004,-1,0.00949,100000
logistic,3,5,0.05,3.545000,-0.40123,4,0,0.99996,4,4,0.99932,68,0.95996,4004,-1,0.00949,100000
logistic,3,5,0.05,3.546000,-0.37474,4,0,0.99996,4,4,0.99932,68,0.95996,4004,-1,0.00949,100000
logistic,3,5,0.05,3.547000,-0.35078,4,0,0.99996,4,4,0.99932,68,0.95996,4004,-1,0.00949,100000
logistic,3,5,0.05,3.548000,-0.32889,4,0,0.99996,4,4,0.99932,68,0.95996,4004,-1,0.00949,100000
logistic,3,5,0.05,3.549000,-0.30875,4,0,0.99996,4,4,0.99932,68,0.95996,4004,-1,0.00949,100000
logistic,3,5,0.05,3.550000,-0.29008,4,0,0.99996,4,4,0.99932,68,0.95996,4004,-1,0.00949,100000
logistic,3,5,0.05,3.551000,-0.27270,4,0,0.99996,4,4,0.99932,68,0.95996,4004,-1,0.00949,100000
logistic,3,5,0.05,3.552000,-0.25642,4,0,0.99996,4,4,0.99932,68,0.95996,4004,-1,0.00949,100000
logistic,3,5,0.05,3.553000,-0.24112,4,0,0.99996,4,4,0.99932,68,0.95996,4004,-1,0.00949,100000
logistic,3,5,0.05,3.554000,-0.22669,4,0,0.99996,4,4,0.99932,68,0.95996,4004,-1,0.00949,100000
logistic,3,5,0.05,3.555000,-0.21302,4,0,0.99996,4,4,0.99932,68,0.95996,4004,-1,0.00949,100000
logistic,3,5,0.05,3.556000,-0.20005,4,0,0.99996,4,4,0.99932,68,0.95996,4004,-1,0.00949,100000
logistic,3,5,0.05,3.557000,-0.18770,4,0,0.99996,4,4,0.99932,68,0.95996,4004,-1,0.00949,100000
logistic,3,5,0.05,3.558000,-0.17591,4,0,0.99996,4,4,0.99932,68,0.95996,4004,-1,0.00949,100000
logistic,3,5,0.05,3.559000,-0.16464,4,0,0.99996,4,4,0.99932,68,0.95996,4004,-1,0.00949,100000
logistic,3,5,0.05,3.560000,-0.15384,4,0,0.99996,4,4,0.99932,68,0.95996,4004,-1,0.00949,100000
logistic,3,5,0.05,3.561000,-0.14347,4,0,0.99996,4,4,0.99932,68,0.95996,4004,-1,0.00949,100000
logistic,3,5,0.05,3.562000,-0.13349,4,0,0.99996,4,4,0.99932,68,0.95996,4004,-1,0.00949,100000
logistic,3,5,0.05,3.563000,-0.12389,4,0,0.99996,4,4,0.99932,68,0.95996,4004,-1,0.00949,100000
logistic,3,5,0.05,3.564000,-0.11463,4,0,0.99996,4,4,0.99932,68,0.95996,4004,-1,0.00949,100000
logistic,3,5,0.05,3.565000,-0.10568,4,0,0.99996,4,4,0.99932,68,0.95996,4004,-1,0.00949,100000
logistic,3,5,0.05,3.566000,-0.09704,4,0,0.99996,4,4,0.99932,68,0.95996,4004,-1,0.00949,100000
logistic,3,5,0.05,3.567000,-0.08866,4,0,0.99996,4,4,0.99932,68,0.95996,4004,-1,0.00949,100000
logistic,3,5,0.05,3.568000,-0.08055,4,0,0.99996,4,4,0.99932,68,0.95996,4004,-1,0.00949,100000
logistic,3,5,0.05,3.569000,-0.07268,4,0,0.99996,4,4,0.99932,68,0.95996,4004,-1,0.00949,100000
logistic,3,5,0.05,3.570000,-0.06504,4,0,0.99996,4,4,0.99932,68,0.95996,4004,-1,0.00949,100000
logistic,3,5,0.05,3.571000,-0.05761,4,0,0.99996,4,4,0.99932,68,0.95996,4004,-1,0.00949,100000
logistic,3,5,0.05,3.572000,-0.05038,4,0,0.99996,4,4,0.99932,68,0.95996,4004,-1,0.00949,100000
logistic,3,5,0.05,3.573000,-0.04335,4,0,0.99996,4,4,0.99932,68,0.95996,4004,-1,0.00949,100000
logistic,3,5,0.05,3.574000,-0.03650,4,0,0.99996,4,4,0.99932,68,0.95996,4004,-1,0.00949,100000
logistic,3,5,0.05,3.575000,-0.02982,4,0,0.99996,4,4,0.99932,68,0.95996,4004,-1,0.00949,100000
logistic,3,5,0.05,3.576000,-0.02330,4,0,0.99996,4,4,0.99932,68,0.95996,4004,-1,0.00949,100000
logistic,3,5,0.05,3.577000,-0.01694,4,0,0.99996,4,4,0.99932,68,0.95996,4004,-1,0.00949,100000
logistic,3,5,0.05,3.578000,-0.01073,4,0,0.99996,4,4,0.99932,68,0.95996,4004,-1,0.00949,100000
logistic,3,5,0.05,3.579000,-0.00466,4,0,0.99996,4,4,0.99932,68,0.95996,4004,-1,0.00949,100000
logistic,3,5,0.05,3.580000,-0.00258,8,0,0.99992,8,8,0.99928,72,0.95992,4008,-1,0.00949,100000
logistic,3,5,0.05,3.581000,-0.01533,8,0,0.99992,8,8,0.99928,72,0.95992,4008,-1,0.00949,100000
logistic,3,5,0.05,3.582000,-0.02963,8,0,0.99992,8,8,0.99928,72,0.95992,4008,-1,0.00949,100000
logistic,3,5,0.05,3.583000,-0.04592,8,0,0.99992,8,8,0.99928,72,0.95992,4008,-1,0.00949,100000
logistic,3,5,0.05,3.584000,-0.06480,8,0,0.99992,8,8,0.99928,72,0.95992,4008,-1,0.00949,100000
logistic,3,5,0.05,3.585000,-0.08722,8,0,0.99992,8,8,0.99928,72,0.95992,4008,-1,0.00949,100000
logistic,3,5,0.05,3.586000,-0.11476,8,0,0.99992,8,8,0.99928,72,0.95992,4008,-1,0.00949,100000
logistic,3,5,0.05,3.587000,-0.15026,8,0,0.99992,8,8,0.99928,72,0.95992,4008,-1,0.00949,100000
logistic,3,5,0.05,3.588000,-0.19967,8,0,0.99992,8,8,0.99928,72,0.95992,4008,-1,0.00949,100000
logistic,3,5,0.05,3.589000,-0.27488,8,0,0.99992,8,8,0.99928,72,0.95992,4008,-1,0.00949,100000
logistic,3,5,0.05,3.590000,-0.33611,8,0,0.99992,8,8,0.99928,72,0.95992,4008,-1,0.00949,100000
logistic,3,5,0.05,3.591000,-0.26969,8,0,0.99992,8,8,0.99928,72,0.95992,4008,-1,0.00949,100000
logistic,3,5,0.05,3.592000,-0.19068,8,0,0.99992,8,8,0.99928,72,0.95992,4008,-1,0.00949,100000
logistic,3,5,0.05,3.593000,-0.14189,8,0,0.99992,8,8,0.99928,72,0.95992,4008,-1,0.00949,100000
logistic,3,5,0.05,3.594000,-0.10652,8,0,0.99992,8,8,0.99928,72,0.95992,4008,-1,0.00949,100000
logistic,3,5,0.05,3.595000,-0.07874,8,0,0.99992,8,8,0.99928,72,0.95992,4008,-1,0.00949,100000
logistic,3,5,0.05,3.596000,-0.05583,8,0,0.99992,8,8,0.99928,72,0.95992,4008,-1,0.00949,100000
logistic,3,5,0.05,3.597000,-0.03631,8,0,0.99992,8,8,0.99928,72,0.95992,4008,-1,0.00949,100000
logistic,3,5,0.05,3.598000,-0.01930,8,0,0.99992,8,8,0.99928,72,0.95992,4008,-1,0.00949,100000
logistic,3,5,0.05,3.599000,-0.00421,8,0,0.99992,8,8,0.99928,72,0.95992,4008,-1,0.00949,100000
logistic,3,5,0.05,3.600000,-0.02358,16,0,0.99984,16,16,0.99920,80,0.95984,4016,-1,0.00949,100000
logistic,3,5,0.05,3.601000,-0.09403,16,0,0.99984,16,16,0.99920,80,0.95984,4016,-1,0.00949,100000
logistic,3,5,0.05,3.602000,-0.08523,16,0,0.99984,16,16,0.99920,80,0.95984,4016,-1,0.00949,100000
logistic,3,5,0.05,3.603000,-0.01758,16,0,0.99984,16,16,0.99920,80,0.95984,4016,-1,0.00949,100000
logistic,3,5,0.05,3.604000,-0.06421,32,0,0.99977,16,16,0.99913,80,0.95977,4016,-1,0.00949,100000
logistic,3,5,0.05,3.605000,0.02215,0,0,0.99969,16,16,0.99913,80,0.95976,4016,-1,0.00949,100000
logistic,3,5,0.05,3.606000,0.04567,0,0,0.99949,16,16,0.99862,72,0.95920,4008,-1,0.00949,100000
logistic,3,5,0.05,3.607000,0.05330,0,0,0.99888,24,24,0.99810,88,0.95887,4008,-1,0.00949,100000
logistic,3,5,0.05,3.608000,0.06050,0,0,0.99854,24,24,0.99774,80,0.95839,4008,-1,0.00949,100000
logistic,3,5,0.05,3.609000,0.07641,0,0,0.99773,32,32,0.99723,72,0.95794,4008,-1,0.00949,100000
logistic,3,5,0.05,3.610000,0.08746,0,0,0.99721,8,8,0.99289,76,0.95356,4004,-1,0.00949,100000
logistic,3,5,0.05,3.611000,0.09088,0,0,0.99651,8,8,0.99205,80,0.95282,4008,-1,0.00949,100000
logistic,3,5,0.05,3.612000,0.08157,0,0,0.99454,8,8,0.99157,68,0.95218,4008,-1,0.00949,100000
logistic,3,5,0.05,3.613000,0.09524,0,0,0.99428,8,8,0.99080,72,0.95143,4004,-1,0.00949,100000
logistic,3,5,0.05,3.614000,0.10138,0,0,0.99338,8,8,0.98956,76,0.95067,4004,-1,0.00949,100000
logistic,3,5,0.05,3.615000,0.10633,0,0,0.99151,8,8,0.98915,72,0.95013,4004,-1,0.00949,100000
logistic,3,5,0.05,3.616000,0.10187,0,0,0.99128,12,12,0.98787,72,0.94844,4008,-1,0.00949,100000
logistic,3,5,0.05,3.617000,-0.04697,12,0,0.99988,12,12,0.99928,72,0.95992,4008,-1,0.00949,100000
logistic,3,5,0.05,3.618000,-0.00107,36,0,0.99973,12,12,0.99928,72,0.95977,4008,-1,0.00949,100000
logistic,3,5,0.05,3.619000,0.11463,0,0,0.99206,12,12,0.98493,68,0.94617,4008,-1,0.00949,100000
logistic,3,5,0.05,3.620000,0.12243,0,0,0.98843,12,12,0.98421,72,0.94535,4008,-1,0.00949,100000
logistic,3,5,0.05,3.621000,0.12399,0,0,0.98669,20,20,0.98321,76,0.94424,4012,-1,0.00949,100000
logistic,3,5,0.05,3.622000,0.13832,0,0,0.98568,12,12,0.98345,68,0.94475,4012,-1,0.00949,100000
logistic,3,5,0.05,3.623000,0.14063,0,0,0.98431,12,12,0.98173,72,0.94282,4012,-1,0.00949,100000
logistic,3,5,0.05,3.624000,0.14281,0,0,0.98398,16,16,0.97966,68,0.94099,4012,-1,0.00949,100000
logistic,3,5,0.05,3.625000,0.15510,0,0,0.98101,16,16,0.97912,72,0.94044,4024,-1,0.00949,100000
logistic,3,5,0.05,3.626000,0.16357,0,0,0.97763,20,20,0.97707,68,0.93843,4012,-1,0.00949,100000
logistic,3,5,0.05,3.627000,0.17236,0,0,0.97675,4,4,0.94536,68,0.90015,4012,-1,0.00949,100000
logistic,3,5,0.05,3.628000,0.17345,0,0,0.97492,4,4,0.94011,68,0.89853,4008,-1,0.00949,100000
logistic,3,5,0.05,3.629000,0.17679,0,0,0.97430,4,4,0.93246,72,0.89524,4086,-1,0.00949,100000
logistic,3,5,0.05,3.630000,0.17657,0,0,0.97125,4,4,0.93363,84,0.89587,4064,-1,0.00949,100000
logistic,3,5,0.05,3.631000,0.16699,0,0,0.96795,4,4,0.93042,84,0.89316,4026,-1,0.00949,100000
logistic,3,5,0.05,3.632000,0.17882,0,0,0.96857,4,4,0.92762,68,0.89170,4018,-1,0.00949,100000
logistic,3,5,0.05,3.633000,0.18014,0,0,0.96751,4,4,0.92514,164,0.88939,4002,-1,0.00949,100000
logistic,3,5,0.05,3.634000,0.18252,0,0,0.96544,4,4,0.92418,70,0.88835,4010,-1,0.00949,100000
logistic,3,5,0.05,3.635000,0.18542,0,0,0.96336,4,4,0.92283,68,0.88630,4010,-1,0.00949,100000
logistic,3,5,0.05,3.636000,0.18922,0,0,0.96081,4,4,0.92406,82,0.88701,4022,-1,0.00949,100000
logistic,3,5,0.05,3.637000,-0.05233,20,0,0.99987,10,10,0.99927,70,0.95987,4010,-1,0.00949,100000
logistic,3,5,0.05,3.638000,0.15143,0,0,0.94878,10,10,0.92358,70,0.87584,4064,-1,0.00949,100000
logistic,3,5,0.05,3.639000,0.16469,0,0,0.94269,4,4,0.91255,82,0.87672,4074,-1,0.00949,100000
logistic,3,5,0.05,3.640000,0.17813,0,0,0.94448,4,4,0.91500,88,0.87810,4008,-1,0.00949,100000
logistic,3,5,0.05,3.641000,0.18008,0,0,0.94246,4,4,0.91020,94,0.87437,4006,-1,0.00949,100000
logistic,3,5,0.05,3.642000,0.18632,0,0,0.94300,4,4,0.90982,84,0.87337,4042,-1,0.00949,100000
logistic,3,5,0.05,3.643000,0.19212,0,0,0.94468,4,4,0.90778,78,0.87211,4030,-1,0.00949,100000
logistic,3,5,0.05,3.644000,0.19234,0,0,0.94203,4,4,0.90499,150,0.86991,4026,-1,0.00949,100000
logistic,3,5,0.05,3.645000,0.19371,0,0,0.94172,4,4,0.90176,94,0.86657,4002,-1,0.00949,100000
logistic,3,5,0.05,3.646000,0.19859,0,0,0.93901,4,4,0.90232,92,0.86634,4002,-1,0.00949,100000
logistic,3,5,0.05,3.647000,0.00556,0,0,0.99986,14,14,0.99930,70,0.95996,4004,-1,0.00949,100000
logistic,3,5,0.05,3.648000,0.19997,0,0,0.93128,4,4,0.89942,74,0.86406,4002,-1,0.00949,100000
logistic,3,5,0.05,3.649000,0.20478,0,0,0.93159,4,4,0.89821,84,0.86333,4024,-1,0.00949,100000
logistic,3,5,0.05,3.650000,0.21001,0,0,0.92789,4,4,0.89985,94,0.86436,4046,-1,0.00949,100000
logistic,3,5,0.05,3.651000,0.21426,0,0,0.92616,4,4,0.90094,94,0.86497,4014,-1,0.00949,100000
logistic,3,5,0.05,3.652000,0.21539,0,0,0.92079,4,4,0.89702,74,0.86179,4004,-1,0.00949,100000
logistic,3,5,0.05,3.653000,0.20639,0,0,0.90751,4,4,0.89027,68,0.85547,4044,-1,0.00949,100000
logistic,3,5,0.05,3.654000,0.21281,0,0,0.90726,4,4,0.88835,208,0.85363,4054,-1,0.00949,100000
logistic,3,5,0.05,3.655000,0.21038,0,0,0.90062,4,4,0.88554,108,0.84989,4094,-1,0.00949,100000
logistic,3,5,0.05,3.656000,0.20942,0,0,0.90567,6,6,0.88177,116,0.84715,4012,-1,0.00949,100000
logistic,3,5,0.05,3.657000,0.20067,0,0,0.91132,6,6,0.87409,66,0.83976,4014,-1,0.00949,100000
logistic,3,5,0.05,3.658000,0.17281,0,0,0.92669,6,6,0.86641,66,0.82538,4072,-1,0.00949,100000
logistic,3,5,0.05,3.659000,-0.06571,24,0,0.99983,12,12,0.99928,72,0.95992,4008,-1,0.00949,100000
logistic,3,5,0.05,3.660000,-0.06379,24,0,0.99981,12,12,0.99928,72,0.95992,4008,-1,0.00949,100000
logistic,3,5,0.05,3.661000,-0.02201,24,0,0.99979,12,12,0.99928,72,0.95992,4008,-1,0.00949,100000
logistic,3,5,0.05,3.662000,0.00000,0,0,0.99975,12,12,0.99926,72,0.95990,4008,-1,0.00949,100000
logistic,3,5,0.05,3.663000,0.01923,0,0,0.99967,12,12,0.99919,72,0.95982,4008,-1,0.00949,100000
logistic,3,5,0.05,3.664000,0.03626,0,0,0.99937,12,12,0.99882,72,0.95950,4008,-1,0.00949,100000
logistic,3,5,0.05,3.665000,0.06863,0,0,0.99800,6,6,0.99477,72,0.83107,4002,-1,0.00949,100000
logistic,3,5,0.05,3.666000,0.14287,0,0,0.96197,6,6,0.86412,66,0.78274,4018,-1,0.00949,100000
logistic,3,5,0.05,3.667000,0.17373,0,0,0.94796,6,6,0.84173,66,0.79466,4034,-1,0.00949,100000
logistic,3,5,0.05,3.668000,0.18622,0,0,0.93408,6,6,0.83310,66,0.79709,4022,-1,0.00949,100000
logistic,3,5,0.05,3.669000,0.19042,0,0,0.93346,6,6,0.82966,112,0.79690,4046,-1,0.00949,100000
logistic,3,5,0.05,3.670000,0.20315,0,0,0.92785,6,6,0.83517,94,0.80087,4044,-1,0.00949,100000
logistic,3,5,0.05,3.671000,0.21009,0,0,0.92480,6,6,0.83846,76,0.80589,4004,-1,0.00949,100000
logistic,3,5,0.05,3.672000,0.22177,0,0,0.91471,6,6,0.84101,70,0.80674,4004,-1,0.00949,100000
logistic,3,5,0.05,3.673000,0.22054,0,0,0.90926,6,6,0.83496,86,0.80188,4070,-1,0.00949,100000
logistic,3,5,0.05,3.674000,0.22794,0,0,0.89763,6,6,0.83721,76,0.80375,4016,-1,0.00949,100000
logistic,3,5,0.05,3.675000,0.23566,0,0,0.89235,6,6,0.83812,90,0.80535,4084,-1,0.00949,100000
logistic,3,5,0.05,3.676000,0.23608,0,0,0.88958,6,6,0.83364,244,0.80071,4042,-1,0.00949,100000
logistic,3,5,0.05,3.677000,0.23642,0,0,0.88691,6,6,0.82776,88,0.79506,4022,-1,0.00949,100000
logistic,3,5,0.05,3.678000,0.08606,0,0,0.96143,10,10,0.95344,70,0.78531,4010,-1,0.00949,100000
logistic,3,5,0.05,3.679000,0.23262,0,0,0.86571,6,6,0.82104,74,0.78920,4068,-1,0.00949,100000
logistic,3,5,0.05,3.680000,0.23399,0,0,0.86550,6,6,0.81665,68,0.78456,4020,-1,0.00949,100000
logistic,3,5,0.05,3.681000,0.24271,0,0,0.86477,6,6,0.82175,74,0.78995,4012,-1,0.00949,100000
logistic,3,5,0.05,3.682000,0.24971,0,0,0.85836,6,6,0.82287,176,0.79084,4002,-1,0.00949,100000
logistic,3,5,0.05,3.683000,0.25049,0,0,0.85542,6,6,0.82078,120,0.78904,4004,-1,0.00949,100000
logistic,3,5,0.05,3.684000,0.26048,0,0,0.86027,1,6,0.82765,80,0.79476,4008,-1,0.00949,100000
logistic,3,5,0.05,3.685000,0.26445,0,0,0.86120,1,6,0.82948,106,0.79472,4006,-1,0.00949,100000
logistic,3,5,0.05,3.686000,0.26649,0,0,0.86088,1,6,0.82588,106,0.79413,4002,-1,0.00949,100000
logistic,3,5,0.05,3.687000,0.26410,0,0,0.85805,1,6,0.82113,170,0.78955,4040,-1,0.00949,100000
logistic,3,5,0.05,3.688000,0.26936,0,0,0.85605,1,6,0.81880,98,0.78679,4010,-1,0.00949,100000
logistic,3,5,0.05,3.689000,0.26852,0,0,0.85540,1,12,0.81673,84,0.78470,4006,-1,0.00949,100000
logistic,3,5,0.05,3.690000,0.27389,0,0,0.85183,1,6,0.81200,68,0.78012,4006,-1,0.00949,100000
logistic,3,5,0.05,3.691000,0.27481,0,0,0.84682,1,6,0.80591,120,0.77435,4002,-1,0.00949,100000
logistic,3,5,0.05,3.692000,0.27921,0,0,0.84597,1,6,0.80331,76,0.77116,4094,-1,0.00949,100000
logistic,3,5,0.05,3.693000,0.27737,0,0,0.84111,1,6,0.79490,82,0.76295,4032,-1,0.00949,100000
logistic,3,5,0.05,3.694000,0.26729,0,0,0.83180,1,8,0.78057,122,0.74913,4034,-1,0.00949,100000
logistic,3,5,0.05,3.695000,0.26867,0,0,0.82830,1,8,0.77397,68,0.74414,4012,-1,0.00949,100000
logistic,3,5,0.05,3.696000,0.26350,0,0,0.82441,8,8,0.76044,202,0.73068,4046,-1,0.00949,100000
logistic,3,5,0.05,3.697000,0.26644,0,0,0.81897,8,8,0.75445,104,0.72582,4004,-1,0.00949,100000
logistic,3,5,0.05,3.698000,0.27548,0,0,0.81791,1,8,0.75899,128,0.72693,4060,-1,0.00949,100000
logistic,3,5,0.05,3.699000,0.28202,0,0,0.81939,1,8,0.75839,384,0.72803,4060,-1,0.00949,100000
logistic,3,5,0.05,3.700000,0.28770,0,0,0.81903,1,8,0.75965,78,0.72778,4094,-1,0.00949,100000
logistic,3,5,0.05,3.701000,0.28947,0,0,0.81672,1,8,0.75337,100,0.72308,4004,-1,0.00949,100000
logistic,3,5,0.05,3.702000,0.29431,0,0,0.81977,1,8,0.75529,98,0.72533,4014,-1,0.00949,100000
logistic,3,5,0.05,3.703000,0.29693,0,0,0.82133,1,8,0.75336,82,0.72342,4038,-1,0.00949,100000
logistic,3,5,0.05,3.704000,0.30218,0,0,0.82092,1,8,0.75166,88,0.72217,4060,-1,0.00949,100000
logistic,3,5,0.05,3.705000,0.30484,0,0,0.81819,1,8,0.74539,142,0.71552,4012,-1,0.00949,100000
logistic,3,5,0.05,3.706000,0.30082,0,0,0.81051,1,8,0.73203,110,0.70251,4020,-1,0.00949,100000
logistic,3,5,0.05,3.707000,0.30333,0,0,0.80459,1,8,0.72206,82,0.69254,4028,-1,0.00949,100000
logistic,3,5,0.05,3.708000,0.30384,0,0,0.80006,1,10,0.71065,92,0.68379,4092,-1,0.00949,100000
logistic,3,5,0.05,3.709000,0.31033,0,0,0.80021,1,10,0.70823,124,0.68078,4070,-1,0.00949,100000
logistic,3,5,0.05,3.710000,0.31481,0,0,0.79864,1,10,0.70200,188,0.67436,4064,-1,0.00949,100000
logistic,3,5,0.05,3.711000,0.31626,0,0,0.79505,1,10,0.69446,130,0.66460,4018,-1,0.00949,100000
logistic,3,5,0.05,3.712000,0.31967,0,0,0.79120,1,12,0.68013,100,0.65261,4058,-1,0.00949,100000
logistic,3,5,0.05,3.713000,0.32496,0,0,0.84199,1,12,0.74713,66,0.14396,4096,-1,0.00949,100000
logistic,3,5,0.05,3.714000,0.32262,0,0,0.84098,1,4,0.58213,65,0.01161,4001,300,0.00949,100000
logistic,3,5,0.05,3.715000,0.32273,0,0,0.83822,1,4,0.43258,65,0.03074,4007,171,0.00949,100000
logistic,3,5,0.05,3.716000,0.32058,0,0,0.83593,1,4,0.22861,65,0.02094,4094,96,0.00949,100000
logistic,3,5,0.05,3.717000,0.32015,0,0,0.83406,1,4,0.13659,65,0.05504,4040,78,0.00949,100000
logistic,3,5,0.05,3.718000,0.31789,0,0,0.83392,1,4,0.12456,109,0.01061,4010,63,0.00949,100000
logistic,3,5,0.05,3.719000,0.31722,0,0,0.83132,1,4,0.13766,101,0.01972,4063,57,0.00949,100000
logistic,3,5,0.05,3.720000,0.31564,0,0,0.83307,1,4,0.10419,92,0.03567,4092,50,0.00949,100000
logistic,3,5,0.05,3.721000,0.31660,0,0,0.83299,1,4,0.12121,83,0.02296,4075,45,0.00949,100000
logistic,3,5,0.05,3.722000,0.31574,0,0,0.82978,1,4,0.11043,74,0.01122,4002,42,0.00949,100000
logistic,3,5,0.05,3.723000,0.31486,0,0,0.83003,1,4,0.14529,68,0.02356,4035,38,0.00949,100000
logistic,3,5,0.05,3.724000,0.31280,0,0,0.82813,1,4,0.16107,65,0.02380,4001,36,0.00949,100000
logistic,3,5,0.05,3.725000,0.31387,0,0,0.82684,1,2,0.14928,66,0.02437,4006,35,0.00949,100000
logistic,3,5,0.05,3.726000,0.31350,0,0,0.82206,1,2,0.13790,65,0.02638,4057,90,0.00949,100000
logistic,3,5,0.05,3.727000,0.31391,0,0,0.82145,1,2,0.15764,65,0.02783,4096,92,0.00949,100000
logistic,3,5,0.05,3.728000,0.31515,0,0,0.82363,1,2,0.13926,65,0.01400,4091,84,0.00949,100000
logistic,3,5,0.05,3.729000,0.31358,0,0,0.82259,1,2,0.14585,65,0.02119,4076,81,0.00949,100000
logistic,3,5,0.05,3.730000,0.31501,0,0,0.82249,1,2,0.11597,65,0.03210,4078,75,0.00949,100000
logistic,3,5,0.05,3.731000,0.31734,0,0,0.81978,1,2,0.10556,65,0.01115,4090,73,0.00949,100000
logistic,3,5,0.05,3.732000,0.31639,0,0,0.82008,1,2,0.09230,65,0.01666,4079,71,0.00949,100000
logistic,3,5,0.05,3.733000,0.31691,0,0,0.81825,1,2,0.10597,65,0.01032,4052,73,0.00949,100000
logistic,3,5,0.05,3.734000,0.31638,0,0,0.81972,1,2,0.06635,65,0.02409,4001,68,0.00949,100000
logistic,3,5,0.05,3.735000,0.31896,0,0,0.82115,1,2,0.05939,65,0.01946,4077,67,0.00949,100000
logistic,3,5,0.05,3.736000,0.31877,0,0,0.81742,1,2,0.05122,65,0.02512,4086,66,0.00949,100000
logistic,3,5,0.05,3.737000,0.31792,0,0,0.81722,1,2,0.04630,65,0.01021,4093,65,0.00949,100000
logistic,3,5,0.05,3.738000,0.31790,0,0,0.81453,1,2,0.04838,86,0.01541,4078,63,0.00949,100000
logistic,3,5,0.05,3.739000,0.31831,0,0,0.81145,1,2,0.03592,92,0.01650,4009,60,0.00949,100000
logistic,3,5,0.05,3.740000,0.31913,0,0,0.80988,1,2,0.03833,78,0.01468,4036,59,0.00949,100000
logistic,3,5,0.05,3.741000,0.31916,0,0,0.80926,1,2,0.02951,79,0.02242,4038,58,0.00949,100000
logistic,3,5,0.05,3.742000,0.31726,0,0,0.80626,1,2,0.05639,71,0.02610,4073,52,0.00949,100000
logistic,3,5,0.05,3.743000,0.31780,0,0,0.80356,1,2,0.02760,478,0.02435,4031,54,0.00949,100000
logistic,3,5,0.05,3.744000,0.32125,0,0,0.80105,1,2,0.03283,318,0.01557,4086,53,0.00949,100000
logistic,3,5,0.05,3.745000,0.32266,0,0,0.80127,1,2,0.03534,74,0.02053,4027,51,0.00949,100000
logistic,3,5,0.05,3.746000,0.32278,0,0,0.79796,1,2,0.03659,68,0.01167,4033,49,0.00949,100000
logistic,3,5,0.05,3.747000,0.32525,0,0,0.79616,1,2,0.03973,74,0.02034,4008,49,0.00949,100000
logistic,3,5,0.05,3.748000,0.32646,0,0,0.79945,1,2,0.03493,65,0.01668,4094,46,0.00949,100000
logistic,3,5,0.05,3.749000,0.32802,0,0,0.79672,1,2,0.02894,65,0.02232,4004,45,0.00949,100000
logistic,3,5,0.05,3.750000,0.32770,0,0,0.79432,1,2,0.04275,66,0.01772,4057,45,0.00949,100000
logistic,3,5,0.05,3.751000,0.33094,0,0,0.79228,1,2,0.02348,492,0.01111,4023,43,0.00949,100000
logistic,3,5,0.05,3.752000,0.33071,0,0,0.78951,1,2,0.02684,358,0.01309,4043,44,0.00949,100000
logistic,3,5,0.05,3.753000,0.33185,0,0,0.78816,1,2,0.02481,451,0.01397,4043,45,0.00949,100000
logistic,3,5,0.05,3.754000,0.33323,0,0,0.78163,1,2,0.02103,501,0.01089,4063,41,0.00949,100000
logistic,3,5,0.05,3.755000,0.33490,0,0,0.78100,1,2,0.02189,371,0.01582,4034,43,0.00949,100000
logistic,3,5,0.05,3.756000,0.33444,0,0,0.78047,1,2,0.01900,65,0.01282,4046,40,0.00949,100000
logistic,3,5,0.05,3.757000,-0.00001,0,0,0.99982,7,7,0.99922,70,0.95989,4011,-1,0.00949,100000
logistic,3,5,0.05,3.758000,0.33606,0,0,0.77681,1,2,0.01843,267,0.02322,4037,37,0.00949,100000
logistic,3,5,0.05,3.759000,0.33821,0,0,0.78000,1,2,0.01476,478,0.01313,4043,35,0.00949,100000
logistic,3,5,0.05,3.760000,0.34004,0,0,0.78054,1,2,0.01514,142,0.01522,4003,34,0.00949,100000
logistic,3,5,0.05,3.761000,0.33860,0,0,0.77854,1,2,0.02318,228,0.01421,4045,32,0.00949,100000
logistic,3,5,0.05,3.762000,0.33909,0,0,0.77874,1,2,0.02483,467,0.01635,4022,31,0.00949,100000
logistic,3,5,0.05,3.763000,0.01210,0,0,0.99986,11,11,0.99934,66,0.95996,4004,-1,0.00949,100000
logistic,3,5,0.05,3.764000,0.34344,0,0,0.77583,1,2,0.02107,433,0.02024,4048,31,0.00949,100000
logistic,3,5,0.05,3.765000,0.34361,0,0,0.77545,1,2,0.02123,397,0.01591,4083,32,0.00949,100000
logistic,3,5,0.05,3.766000,0.34380,0,0,0.77278,1,2,0.01981,416,0.01487,4015,31,0.00949,100000
logistic,3,5,0.05,3.767000,0.34462,0,0,0.77092,1,2,0.01923,369,0.01689,4071,28,0.00949,100000
logistic,3,5,0.05,3.768000,0.34424,0,0,0.77006,1,2,0.02343,165,0.02215,4054,28,0.00949,100000
logistic,3,5,0.05,3.769000,0.34516,0,0,0.76925,1,2,0.01749,418,0.01134,4001,27,0.00949,100000
logistic,3,5,0.05,3.770000,0.34241,0,0,0.76840,1,2,0.01445,69,0.01774,4003,25,0.00949,100000
logistic,3,5,0.05,3.771000,0.34208,0,0,0.76756,1,2,0.02706,312,0.01986,4056,23,0.00949,100000
logistic,3,5,0.05,3.772000,0.33965,0,0,0.76608,1,2,0.01648,266,0.01735,4096,21,0.00949,100000
logistic,3,5,0.05,3.773000,0.33961,0,0,0.76535,1,2,0.02042,268,0.00687,4072,21,0.00949,100000
logistic,3,5,0.05,3.774000,0.34178,0,0,0.76320,1,2,0.01716,248,0.01895,4020,21,0.00949,100000
logistic,3,5,0.05,3.775000,0.33999,0,0,0.76228,1,2,0.01965,420,0.01523,4024,20,0.00949,100000
logistic,3,5,0.05,3.776000,0.34080,0,0,0.75874,1,2,0.01877,129,0.01784,4046,20,0.00949,100000
logistic,3,5,0.05,3.777000,0.34195,0,0,0.75812,1,2,0.01647,183,0.01315,4036,20,0.00949,100000
logistic,3,5,0.05,3.778000,0.34206,0,0,0.75593,1,2,0.01516,456,0.01248,4034,19,0.00949,100000
logistic,3,5,0.05,3.779000,0.34243,0,0,0.75638,1,2,0.01738,437,0.01221,4004,21,0.00949,100000
logistic,3,5,0.05,3.780000,0.34221,0,0,0.75516,1,2,0.01663,366,0.01424,4052,21,0.00949,100000
logistic,3,5,0.05,3.781000,0.34189,0,0,0.75631,1,2,0.01766,129,0.01600,4008,21,0.00949,100000
logistic,3,5,0.05,3.782000,0.34179,0,0,0.75484,1,2,0.01576,310,0.01217,4028,21,0.00949,100000
logistic,3,5,0.05,3.783000,0.34372,0,0,0.75447,1,2,0.01961,102,0.01027,4035,21,0.00949,100000
logistic,3,5,0.05,3.784000,0.34396,0,0,0.75171,1,2,0.01968,512,0.01552,4024,20,0.00949,100000
logistic,3,5,0.05,3.785000,0.34620,0,0,0.75107,1,2,0.01947,461,0.02023,4075,21,0.00949,100000
logistic,3,5,0.05,3.786000,0.34552,0,0,0.75082,1,2,0.01725,406,0.01532,4092,21,0.00949,100000
logistic,3,5,0.05,3.787000,0.34782,0,0,0.75275,1,2,0.02058,101,0.01864,4037,22,0.00949,100000
logistic,3,5,0.05,3.788000,0.34763,0,0,0.75022,1,2,0.01703,401,0.01350,4028,21,0.00949,100000
logistic,3,5,0.05,3.789000,0.34769,0,0,0.74967,1,2,0.01510,179,0.01254,4010,21,0.00949,100000
logistic,3,5,0.05,3.790000,0.35051,0,0,0.75146,1,2,0.01578,176,0.01581,4035,21,0.00949,100000
logistic,3,5,0.05,3.791000,0.34962,0,0,0.75031,1,2,0.01893,374,0.00892,4034,21,0.00949,100000
logistic,3,5,0.05,3.792000,0.34941,0,0,0.74836,1,2,0.01799,319,0.01729,4008,20,0.00949,100000
logistic,3,5,0.05,3.793000,0.35158,0,0,0.74991,1,2,0.01696,186,0.02060,4039,20,0.00949,100000
logistic,3,5,0.05,3.794000,0.35355,0,0,0.74771,1,2,0.01674,297,0.01689,4095,20,0.00949,100000
logistic,3,5,0.05,3.795000,0.35573,0,0,0.74967,1,2,0.01975,496,0.01146,4086,20,0.00949,100000
logistic,3,5,0.05,3.796000,0.35665,0,0,0.75082,1,2,0.02562,507,0.00893,4059,19,0.00949,100000
logistic,3,5,0.05,3.797000,0.35801,0,0,0.74831,1,2,0.01859,383,0.01090,4072,19,0.00949,100000
logistic,3,5,0.05,3.798000,0.35994,0,0,0.74604,1,2,0.01721,218,0.01541,4066,19,0.00949,100000
logistic,3,5,0.05,3.799000,0.35870,0,0,0.74361,1,2,0.01318,189,0.01069,4061,19,0.00949,100000
logistic,3,5,0.05,3.800000,0.36090,0,0,0.74509,1,2,0.01716,164,0.01139,4056,18,0.00949,100000
logistic,3,5,0.05,3.801000,0.36049,0,0,0.74356,1,2,0.01662,432,0.01446,4001,17,0.00949,100000
logistic,3,5,0.05,3.802000,-0.16329,7,0,0.99993,7,7,0.99930,70,0.95996,4004,-1,0.00949,100000
logistic,3,5,0.05,3.803000,0.01978,0,0,0.99985,14,14,0.99928,70,0.95989,4004,-1,0.00949,100000
logistic,3,5,0.05,3.804000,0.34477,0,0,0.73139,1,2,0.01690,394,0.01470,4035,13,0.00949,100000
logistic,3,5,0.05,3.805000,0.34960,0,0,0.73378,1,2,0.01646,425,0.01396,4083,14,0.00949,100000
logistic,3,5,0.05,3.806000,0.35212,0,0,0.73302,1,2,0.01473,192,0.01215,4070,21,0.00949,100000
logistic,3,5,0.05,3.807000,0.35573,0,0,0.73217,1,2,0.01917,186,0.01264,4084,21,0.00949,100000
logistic,3,5,0.05,3.808000,0.35725,0,0,0.73032,1,2,0.02228,71,0.01414,4035,21,0.00949,100000
logistic,3,5,0.05,3.809000,0.36313,0,0,0.72826,1,2,0.01611,349,0.01486,4011,15,0.00949,100000
logistic,3,5,0.05,3.810000,0.36673,0,0,0.72679,1,2,0.01761,416,0.01492,4066,15,0.00949,100000
logistic,3,5,0.05,3.811000,0.36769,0,0,0.72618,1,2,0.01967,347,0.00996,4012,16,0.00949,100000
logistic,3,5,0.05,3.812000,0.37002,0,0,0.72753,1,2,0.02248,501,0.01417,4059,16,0.00949,100000
logistic,3,5,0.05,3.813000,0.36987,0,0,0.72552,1,2,0.01739,507,0.01953,4070,16,0.00949,100000
logistic,3,5,0.05,3.814000,0.37209,0,0,0.72668,1,2,0.01582,473,0.01008,4050,16,0.00949,100000
logistic,3,5,0.05,3.815000,0.37088,0,0,0.72475,1,2,0.01286,298,0.01270,4052,17,0.00949,100000
logistic,3,5,0.05,3.816000,0.37079,0,0,0.72276,1,2,0.01383,242,0.01658,4069,17,0.00949,100000
logistic,3,5,0.05,3.817000,0.37118,0,0,0.72026,1,2,0.01727,294,0.01068,4052,16,0.00949,100000
logistic,3,5,0.05,3.818000,0.36781,0,0,0.71671,1,2,0.01430,209,0.00913,4084,23,0.00949,100000
logistic,3,5,0.05,3.819000,0.37130,0,0,0.71511,1,2,0.01501,507,0.00932,4063,23,0.00949,100000
logistic,3,5,0.05,3.820000,0.37062,0,0,0.71129,1,2,0.01438,493,0.01326,4014,23,0.00949,100000
logistic,3,5,0.05,3.821000,0.37090,0,0,0.71116,1,2,0.01736,308,0.01295,4096,24,0.00949,100000
logistic,3,5,0.05,3.822000,0.12777,0,0,0.65272,1,15,0.54119,170,0.50072,4060,-1,0.00949,100000
logistic,3,5,0.05,3.823000,-0.23642,5,0,0.99995,5,5,0.99935,65,0.95995,4005,-1,0.00949,100000
logistic,3,5,0.05,3.824000,-0.05293,5,0,0.99995,5,5,0.99935,65,0.95995,4005,-1,0.00949,100000
logistic,3,5,0.05,3.825000,-0.00000,0,0,0.99989,10,10,0.99935,65,0.95991,4005,-1,0.00949,100000
logistic,3,5,0.05,3.826000,0.04256,0,0,0.99984,10,10,0.99919,65,0.95977,4005,-1,0.00949,100000
logistic,3,5,0.05,3.827000,0.37293,0,0,0.69351,1,2,0.01700,122,0.01225,4008,22,0.00949,100000
logistic,3,5,0.05,3.828000,0.37513,0,0,0.69480,1,2,0.01558,334,0.00932,4053,22,0.00949,100000
logistic,3,5,0.05,3.829000,0.37758,0,0,0.69176,1,2,0.01387,293,0.01121,4085,14,0.00949,100000
logistic,3,5,0.05,3.830000,0.37846,0,0,0.69032,1,2,0.01691,206,0.01499,4007,14,0.00949,100000
logistic,3,5,0.05,3.831000,0.38099,0,0,0.69091,1,2,0.01310,168,0.01274,4038,15,0.00949,100000
logistic,3,5,0.05,3.832000,0.38516,0,0,0.69010,1,2,0.01214,253,0.01627,4086,15,0.00949,100000
logistic,3,5,0.05,3.833000,0.38538,0,0,0.69077,1,2,0.01456,321,0.01355,4024,15,0.00949,100000
logistic,3,5,0.05,3.834000,0.38731,0,0,0.69180,1,2,0.01600,105,0.01056,4082,14,0.00949,100000
logistic,3,5,0.05,3.835000,0.38668,0,0,0.68770,1,2,0.01515,504,0.01211,4086,15,0.00949,100000
logistic,3,5,0.05,3.836000,0.38990,0,0,0.68189,1,2,0.01420,326,0.01069,4013,14,0.00949,100000
logistic,3,5,0.05,3.837000,0.38877,0,0,0.68104,1,2,0.01716,408,0.01156,4023,14,0.00949,100000
logistic,3,5,0.05,3.838000,0.38974,0,0,0.67698,1,2,0.01389,395,0.01009,4012,14,0.00949,100000
logistic,3,5,0.05,3.839000,0.38868,0,0,0.67739,1,2,0.01553,101,0.01209,4043,14,0.00949,100000
logistic,3,5,0.05,3.840000,0.39038,0,0,0.67402,1,2,0.01358,387,0.01071,4007,13,0.00949,100000
logistic,3,5,0.05,3.841000,0.39022,0,0,0.67165,1,2,0.01496,197,0.00819,4026,14,0.00949,100000
logistic,3,5,0.05,3.842000,0.39244,0,0,0.67002,1,2,0.01566,456,0.00852,4078,13,0.00949,100000
logistic,3,5,0.05,3.843000,0.39160,0,0,0.66782,1,2,0.01275,373,0.00920,4051,13,0.00949,100000
logistic,3,5,0.05,3.844000,0.39212,0,0,0.66514,1,2,0.01135,141,0.00877,4003,12,0.00949,100000
logistic,3,5,0.05,3.845000,0.39207,0,0,0.66269,1,2,0.01422,352,0.01530,4044,12,0.00949,100000
logistic,3,5,0.05,3.846000,0.39483,0,0,0.65930,1,2,0.01198,308,0.00849,4022,11,0.00949,100000
logistic,3,5,0.05,3.847000,0.39297,0,0,0.65826,1,2,0.01458,295,0.01333,4053,11,0.00949,100000
logistic,3,5,0.05,3.848000,0.39375,0,0,0.65753,1,2,0.01559,427,0.01069,4004,11,0.00949,100000
logistic,3,5,0.05,3.849000,0.39490,0,0,0.65532,1,2,0.01596,328,0.01314,4067,10,0.00949,100000
logistic,3,5,0.05,3.850000,0.39076,0,0,0.65202,1,2,0.01400,245,0.01139,4040,10,0.00949,100000
logistic,3,5,0.05,3.851000,0.39321,0,0,0.65033,1,2,0.01369,475,0.01618,4085,10,0.00949,100000
logistic,3,5,0.05,3.852000,0.39389,0,0,0.65198,1,2,0.01178,166,0.01093,4050,10,0.00949,100000
logistic,3,5,0.05,3.853000,0.39568,0,0,0.64961,1,2,0.01346,324,0.00865,4027,10,0.00949,100000
logistic,3,5,0.05,3.854000,0.39446,0,0,0.64898,1,2,0.01298,366,0.01258,4065,11,0.00949,100000
logistic,3,5,0.05,3.855000,0.39607,0,0,0.65014,1,2,0.01352,104,0.01439,4006,10,0.00949,100000
logistic,3,5,0.05,3.856000,0.39570,0,0,0.64518,1,0,0.01388,376,0.00854,4095,11,0.00949,100000
logistic,3,5,0.05,3.857000,0.39672,0,0,0.64688,1,2,0.01269,68,0.01161,4011,11,0.00949,100000
logistic,3,5,0.05,3.858000,0.39604,0,0,0.64533,1,0,0.01398,307,0.01023,4029,10,0.00949,100000
logistic,3,5,0.05,3.859000,0.39494,0,0,0.64482,1,0,0.01396,261,0.01091,4055,10,0.00949,100000
logistic,3,5,0.05,3.860000,0.39195,0,0,0.64209,1,0,0.01169,331,0.01279,4032,11,0.00949,100000
logistic,3,5,0.05,3.861000,0.39246,0,0,0.63894,1,0,0.01419,125,0.00867,4031,11,0.00949,100000
logistic,3,5,0.05,3.862000,0.39243,0,0,0.63581,1,0,0.01339,484,0.01220,4017,10,0.00949,100000
logistic,3,5,0.05,3.863000,0.39328,0,0,0.63217,1,0,0.01179,430,0.01268,4075,10,0.00949,100000
logistic,3,5,0.05,3.864000,0.39857,0,0,0.63507,1,0,0.01193,168,0.00985,4053,4,0.00949,100000
logistic,3,5,0.05,3.865000,0.40044,0,0,0.63493,1,0,0.01170,352,0.01005,4075,6,0.00949,100000
logistic,3,5,0.05,3.866000,0.39945,0,0,0.63529,1,0,0.01424,85,0.01184,4008,6,0.00949,100000
logistic,3,5,0.05,3.867000,0.40295,0,0,0.63754,1,0,0.01767,329,0.00991,4068,6,0.00949,100000
logistic,3,5,0.05,3.868000,0.40546,0,0,0.63288,1,0,0.01396,134,0.01129,4065,13,0.00949,100000
logistic,3,5,0.05,3.869000,0.40776,0,0,0.63852,1,0,0.01581,371,0.01449,4024,6,0.00949,100000
logistic,3,5,0.05,3.870000,0.40829,0,0,0.63301,1,0,0.01612,120,0.00974,4070,6,0.00949,100000
logistic,3,5,0.05,3.871000,0.40957,0,0,0.63410,1,0,0.01067,122,0.00770,4009,6,0.00949,100000
logistic,3,5,0.05,3.872000,0.40935,0,0,0.63426,1,0,0.01396,283,0.01004,4073,6,0.00949,100000
logistic,3,5,0.05,3.873000,0.41105,0,0,0.63170,1,0,0.01358,368,0.01105,4096,6,0.00949,100000
logistic,3,5,0.05,3.874000,0.41249,0,0,0.63096,1,0,0.01535,356,0.01236,4062,6,0.00949,100000
logistic,3,5,0.05,3.875000,0.41501,0,0,0.62769,1,0,0.01322,436,0.01135,4010,6,0.00949,100000
logistic,3,5,0.05,3.876000,0.41500,0,0,0.62233,1,0,0.01497,263,0.01314,4090,6,0.00949,100000
logistic,3,5,0.05,3.877000,0.41682,0,0,0.62213,1,0,0.01292,162,0.01293,4042,6,0.00949,100000
logistic,3,5,0.05,3.878000,0.41772,0,0,0.62103,1,0,0.01262,115,0.00880,4072,6,0.00949,100000
logistic,3,5,0.05,3.879000,0.41771,0,0,0.61828,1,0,0.01420,439,0.01330,4003,3,0.00949,100000
logistic,3,5,0.05,3.880000,0.42028,0,0,0.61900,1,0,0.01367,314,0.01001,4067,3,0.00949,100000
logistic,3,5,0.05,3.881000,0.42067,0,0,0.61247,1,0,0.01317,120,0.00989,4011,3,0.00949,100000
logistic,3,5,0.05,3.882000,0.42463,0,0,0.61144,1,0,0.01218,278,0.01039,4036,6,0.00949,100000
logistic,3,5,0.05,3.883000,0.42506,0,0,0.60772,1,0,0.01071,185,0.01038,4094,6,0.00949,100000
logistic,3,5,0.05,3.884000,0.42582,0,0,0.60547,1,0,0.01228,296,0.00925,4059,6,0.00949,100000
logistic,3,5,0.05,3.885000,0.42814,0,0,0.60241,1,0,0.01235,226,0.00933,4081,6,0.00949,100000
logistic,3,5,0.05,3.886000,0.42692,0,0,0.60227,1,0,0.01321,250,0.01073,4075,3,0.00949,100000
logistic,3,5,0.05,3.887000,0.42945,0,0,0.59650,1,0,0.01004,287,0.01078,4082,7,0.00949,100000
logistic,3,5,0.05,3.888000,0.43160,0,0,0.59541,1,0,0.01729,127,0.01268,4028,6,0.00949,100000
logistic,3,5,0.05,3.889000,0.43314,0,0,0.59485,1,0,0.01110,157,0.01114,4084,6,0.00949,100000
logistic,3,5,0.05,3.890000,0.43311,0,0,0.59489,1,0,0.01296,334,0.01387,4093,6,0.00949,100000
logistic,3,5,0.05,3.891000,0.43293,0,0,0.59254,1,0,0.01261,327,0.01053,4022,10,0.00949,100000
logistic,3,5,0.05,3.892000,0.43334,0,0,0.58724,1,0,0.01250,473,0.01029,4039,10,0.00949,100000
logistic,3,5,0.05,3.893000,0.43762,0,0,0.59126,1,0,0.01396,88,0.00976,4072,6,0.00949,100000
logistic,3,5,0.05,3.894000,0.43920,0,0,0.58781,1,0,0.01510,92,0.00993,4064,6,0.00949,100000
logistic,3,5,0.05,3.895000,0.43970,0,0,0.58405,1,0,0.01305,153,0.01247,4029,6,0.00949,100000
logistic,3,5,0.05,3.896000,0.44052,0,0,0.58292,1,0,0.01264,402,0.00838,4054,6,0.00949,100000
logistic,3,5,0.05,3.897000,0.44176,0,0,0.57888,1,0,0.01316,349,0.01053,4037,3,0.00949,100000
logistic,3,5,0.05,3.898000,0.44446,0,0,0.58090,1,0,0.01265,380,0.01129,4052,9,0.00949,100000
logistic,3,5,0.05,3.899000,0.44407,0,0,0.57987,1,0,0.01285,397,0.01061,4032,3,0.00949,100000
logistic,3,5,0.05,3.900000,0.44622,0,0,0.58113,1,0,0.01232,391,0.01030,4018,3,0.00949,100000
logistic,3,5,0.05,3.901000,0.44698,0,0,0.57734,1,0,0.01325,369,0.01399,4037,3,0.00949,100000
logistic,3,5,0.05,3.902000,0.44870,0,0,0.57832,1,0,0.01539,496,0.01092,4085,3,0.00949,100000
logistic,3,5,0.05,3.903000,0.44888,0,0,0.57560,1,0,0.01233,328,0.01005,4024,3,0.00949,100000
logistic,3,5,0.05,3.904000,0.44977,0,0,0.57165,1,0,0.01285,138,0.00714,4076,3,0.00949,100000
logistic,3,5,0.05,3.905000,0.45000,0,0,0.56911,1,0,0.01191,277,0.01355,4055,3,0.00949,100000
logistic,3,5,0.05,3.906000,0.45277,0,0,0.56811,1,0,0.01277,296,0.01151,4079,3,0.00949,100000
logistic,3,5,0.05,3.907000,0.45127,0,0,0.56300,1,0,0.01368,133,0.00658,4027,5,0.00949,100000
logistic,3,5,0.05,3.908000,0.44970,0,0,0.55950,1,0,0.01270,470,0.01020,4012,5,0.00949,100000
logistic,3,5,0.05,3.909000,0.45067,0,0,0.55920,1,0,0.01270,423,0.01186,4052,5,0.00949,100000
logistic,3,5,0.05,3.910000,0.45009,0,0,0.55474,1,0,0.01414,418,0.00915,4016,6,0.00949,100000
logistic,3,5,0.05,3.911000,0.45155,0,0,0.54728,1,0,0.01185,205,0.01057,4033,6,0.00949,100000
logistic,3,5,0.05,3.912000,0.45269,0,0,0.54509,1,0,0.01516,284,0.00961,4088,6,0.00949,100000
logistic,3,5,0.05,3.913000,0.45417,0,0,0.54049,1,0,0.01367,373,0.00900,4003,6,0.00949,100000
logistic,3,5,0.05,3.914000,0.45607,0,0,0.54024,1,0,0.01103,263,0.00807,4083,6,0.00949,100000
logistic,3,5,0.05,3.915000,0.45802,0,0,0.53582,1,0,0.01280,120,0.01065,4067,6,0.00949,100000
logistic,3,5,0.05,3.916000,0.45795,0,0,0.53275,1,0,0.01094,159,0.01194,4063,6,0.00949,100000
logistic,3,5,0.05,3.917000,0.46091,0,0,0.53290,1,0,0.01411,458,0.01051,4014,6,0.00949,100000
logistic,3,5,0.05,3.918000,0.46394,0,0,0.52962,1,0,0.01416,363,0.01153,4079,6,0.00949,100000
logistic,3,5,0.05,3.919000,0.46373,0,0,0.52314,1,0,0.01279,125,0.00861,4019,6,0.00949,100000
logistic,3,5,0.05,3.920000,0.46492,0,0,0.52449,1,0,0.01163,165,0.00878,4008,6,0.00949,100000
logistic,3,5,0.05,3.921000,0.46762,0,0,0.52254,1,0,0.01324,381,0.01186,4062,6,0.00949,100000
logistic,3,5,0.05,3.922000,0.46877,0,0,0.52140,1,0,0.01184,89,0.01003,4038,6,0.00949,100000
logistic,3,5,0.05,3.923000,0.46894,0,0,0.51691,1,0,0.01492,109,0.01396,4059,6,0.00949,100000
logistic,3,5,0.05,3.924000,0.47160,0,0,0.51629,1,0,0.01474,204,0.01495,4077,6,0.00949,100000
logistic,3,5,0.05,3.925000,0.47355,0,0,0.51405,1,0,0.01214,469,0.01059,4074,6,0.00949,100000
logistic,3,5,0.05,3.926000,0.47373,0,0,0.50556,1,0,0.01555,233,0.01016,4084,6,0.00949,100000
logistic,3,5,0.05,3.927000,0.47546,0,0,0.50151,1,0,0.00999,112,0.01031,4038,5,0.00949,100000
logistic,3,5,0.05,3.928000,0.47706,0,0,0.49104,1,0,0.01324,408,0.00578,4006,6,0.00949,100000
logistic,3,5,0.05,3.929000,0.47752,0,0,0.48299,1,0,0.01350,161,0.01138,4051,6,0.00949,100000
logistic,3,5,0.05,3.930000,0.47932,0,0,0.47385,1,0,0.01203,385,0.00830,4028,6,0.00949,100000
logistic,3,5,0.05,3.931000,0.48071,0,0,0.46842,1,0,0.01050,203,0.01140,4065,6,0.00949,100000
logistic,3,5,0.05,3.932000,0.48177,0,0,0.46484,1,0,0.00980,123,0.00944,4058,5,0.00949,100000
logistic,3,5,0.05,3.933000,0.48373,0,0,0.45728,1,0,0.01142,115,0.00889,4038,5,0.00949,100000
logistic,3,5,0.05,3.934000,0.48522,0,0,0.45327,1,0,0.01214,115,0.00932,4082,5,0.00949,100000
logistic,3,5,0.05,3.935000,0.48758,0,0,0.44624,1,0,0.01122,239,0.00924,4038,5,0.00949,100000
logistic,3,5,0.05,3.936000,0.48995,0,0,0.44160,1,0,0.01066,273,0.01012,4095,5,0.00949,100000
logistic,3,5,0.05,3.937000,0.49156,0,0,0.44218,1,0,0.00964,327,0.00850,4088,5,0.00949,100000
logistic,3,5,0.05,3.938000,0.49122,0,0,0.42939,1,0,0.01257,171,0.00778,4030,5,0.00949,100000
logistic,3,5,0.05,3.939000,0.49303,0,0,0.43017,1,0,0.01116,374,0.00817,4061,5,0.00949,100000
logistic,3,5,0.05,3.940000,0.49517,0,0,0.41553,1,0,0.01057,505,0.01120,4010,5,0.00949,100000
logistic,3,5,0.05,3.941000,0.49549,0,0,0.41124,1,0,0.01222,216,0.00772,4044,5,0.00949,100000
logistic,3,5,0.05,3.942000,0.49655,0,0,0.40953,1,0,0.01061,188,0.00780,4072,5,0.00949,100000
logistic,3,5,0.05,3.943000,0.49885,0,0,0.41088,1,0,0.01135,413,0.01170,4048,5,0.00949,100000
logistic,3,5,0.05,3.944000,0.49948,0,0,0.40468,1,0,0.01063,164,0.00994,4014,5,0.00949,100000
logistic,3,5,0.05,3.945000,0.50133,0,0,0.39295,1,0,0.01019,137,0.00681,4090,5,0.00949,100000
logistic,3,5,0.05,3.946000,0.50402,0,0,0.38877,1,0,0.01106,334,0.00770,4047,5,0.00949,100000
logistic,3,5,0.05,3.947000,0.50413,0,0,0.39205,1,0,0.01082,319,0.00837,4094,5,0.00949,100000
logistic,3,5,0.05,3.948000,0.50368,0,0,0.37805,1,0,0.01206,422,0.00927,4076,5,0.00949,100000
logistic,3,5,0.05,3.949000,0.50570,0,0,0.38132,1,0,0.01181,184,0.00708,4011,5,0.00949,100000
logistic,3,5,0.05,3.950000,0.50621,0,0,0.37951,1,0,0.01175,295,0.00777,4023,5,0.00949,100000
logistic,3,5,0.05,3.951000,0.50682,0,0,0.37337,1,0,0.01394,475,0.00983,4006,5,0.00949,100000
logistic,3,5,0.05,3.952000,0.50783,0,0,0.37284,1,0,0.01047,452,0.00856,4008,5,0.00949,100000
logistic,3,5,0.05,3.953000,0.50766,0,0,0.36896,1,0,0.01233,281,0.01019,4067,5,0.00949,100000
logistic,3,5,0.05,3.954000,0.50993,0,0,0.37053,1,0,0.01252,258,0.00864,4092,5,0.00949,100000
logistic,3,5,0.05,3.955000,0.50991,0,0,0.35822,1,0,0.01023,464,0.00808,4088,5,0.00949,100000
logistic,3,5,0.05,3.956000,0.51023,0,0,0.35420,1,0,0.01159,372,0.00881,4007,5,0.00949,100000
logistic,3,5,0.05,3.957000,0.51294,0,0,0.35197,1,0,0.01093,330,0.00956,4048,5,0.00949,100000
logistic,3,5,0.05,3.958000,0.51435,0,0,0.35668,1,0,0.01226,484,0.00936,4016,5,0.00949,100000
logistic,3,5,0.05,3.959000,0.51551,0,0,0.34741,1,0,0.01272,473,0.00915,4052,5,0.00949,100000
logistic,3,5,0.05,3.960000,0.51564,0,0,0.35081,1,0,0.01237,361,0.01392,4088,6,0.00949,100000
logistic,3,5,0.05,3.961000,0.51573,0,0,0.35262,1,0,0.01017,485,0.01186,4073,6,0.00949,100000
logistic,3,5,0.05,3.962000,0.51747,0,0,0.34785,1,0,0.00991,415,0.00997,4058,6,0.00949,100000
logistic,3,5,0.05,3.963000,0.51990,0,0,0.34926,1,0,0.00978,481,0.01029,4050,5,0.00949,100000
logistic,3,5,0.05,3.964000,0.52054,0,0,0.34781,1,0,0.01135,392,0.00966,4003,6,0.00949,100000
logistic,3,5,0.05,3.965000,0.52182,0,0,0.34859,1,0,0.01255,125,0.01031,4061,5,0.00949,100000
logistic,3,5,0.05,3.966000,0.52213,0,0,0.34180,1,0,0.01210,139,0.00853,4021,6,0.00949,100000
logistic,3,5,0.05,3.967000,0.52312,0,0,0.34222,1,0,0.01223,382,0.01095,4028,5,0.00949,100000
logistic,3,5,0.05,3.968000,0.52298,0,0,0.34064,1,0,0.01091,448,0.00941,4006,5,0.00949,100000
logistic,3,5,0.05,3.969000,0.52318,0,0,0.33859,1,0,0.01056,466,0.00873,4004,5,0.00949,100000
logistic,3,5,0.05,3.970000,0.52270,0,0,0.33068,1,0,0.01259,121,0.00731,4094,5,0.00949,100000
logistic,3,5,0.05,3.971000,0.52390,0,0,0.33350,1,0,0.01239,464,0.00870,4054,6,0.00949,100000
logistic,3,5,0.05,3.972000,0.52424,0,0,0.32790,1,0,0.00956,128,0.00712,4073,6,0.00949,100000
logistic,3,5,0.05,3.973000,0.52703,0,0,0.32446,1,0,0.01427,178,0.00979,4012,5,0.00949,100000
logistic,3,5,0.05,3.974000,0.52566,0,0,0.32088,1,0,0.01062,477,0.01008,4024,5,0.00949,100000
logistic,3,5,0.05,3.975000,0.52796,0,0,0.31970,1,0,0.01069,160,0.00994,4030,6,0.00949,100000
logistic,3,5,0.05,3.976000,0.52582,0,0,0.32424,1,0,0.01049,193,0.00812,4065,6,0.00949,100000
logistic,3,5,0.05,3.977000,0.52906,0,0,0.31041,1,0,0.01109,414,0.00929,4068,5,0.00949,100000
logistic,3,5,0.05,3.978000,0.53002,0,0,0.31625,1,0,0.01052,84,0.00893,4047,5,0.00949,100000
logistic,3,5,0.05,3.979000,0.53112,0,0,0.30919,1,0,0.01077,387,0.01023,4003,6,0.00949,100000
logistic,3,5,0.05,3.980000,0.53060,0,0,0.31577,1,0,0.01498,373,0.00937,4008,6,0.00949,100000
logistic,3,5,0.05,3.981000,0.53172,0,0,0.30596,1,0,0.01331,427,0.00777,4003,6,0.00949,100000
logistic,3,5,0.05,3.982000,0.53250,0,0,0.29473,1,0,0.00983,250,0.00761,4090,6,0.00949,100000
logistic,3,5,0.05,3.983000,0.53417,0,0,0.29354,1,0,0.00977,193,0.01050,4090,6,0.00949,100000
logistic,3,5,0.05,3.984000,0.53550,0,0,0.29831,1,0,0.00940,306,0.00880,4059,6,0.00949,100000
logistic,3,5,0.05,3.985000,0.53660,0,0,0.28645,1,0,0.01117,228,0.00936,4085,6,0.00949,100000
logistic,3,5,0.05,3.986000,0.53900,0,0,0.29323,1,0,0.01008,400,0.00813,4002,5,0.00949,100000
logistic,3,5,0.05,3.987000,0.53926,0,0,0.29143,1,0,0.00979,222,0.00771,4030,6,0.00949,100000
logistic,3,5,0.05,3.988000,0.54000,0,0,0.28549,1,0,0.00962,420,0.00940,4034,6,0.00949,100000
logistic,3,5,0.05,3.989000,0.54028,0,0,0.28147,1,0,0.01080,214,0.00849,4087,6,0.00949,100000
logistic,3,5,0.05,3.990000,0.54210,0,0,0.27784,1,0,0.01293,407,0.01112,4072,6,0.00949,100000
logistic,3,5,0.05,3.991000,0.54353,0,0,0.27402,1,0,0.01004,119,0.00837,4064,6,0.00949,100000
logistic,3,5,0.05,3.992000,0.54608,0,0,0.26985,1,0,0.00962,82,0.00916,4042,6,0.00949,100000
logistic,3,5,0.05,3.993000,0.54397,0,0,0.26683,1,0,0.01195,183,0.00952,4095,6,0.00949,100000
logistic,3,5,0.05,3.994000,0.54802,0,0,0.26002,1,0,0.01021,235,0.00741,4069,6,0.00949,100000
logistic,3,5,0.05,3.995000,0.54839,0,0,0.25721,1,0,0.01129,371,0.00769,4067,6,0.00949,100000
logistic,3,5,0.05,3.996000,0.55022,0,0,0.25365,1,0,0.01301,139,0.00829,4058,6,0.00949,100000
logistic,3,5,0.05,3.997000,0.55170,0,0,0.25232,1,0,0.01409,203,0.01095,4078,6,0.00949,100000
logistic,3,5,0.05,3.998000,0.55092,0,0,0.24822,1,0,0.01067,190,0.00778,4005,6,0.00949,100000
logistic,3,5,0.05,3.999000,0.55144,0,0,0.23942,1,0,0.01076,422,0.00905,4041,6,0.00949,100000
