pair,pA,qA,KA,pB,qB,KB,r_ens,mean_ln_d_ens,frac_d_gt_1,r0,rlag_max64,MI_MM_bits,chi2_z,R_alpha_A,period_A,lambda1_A
sameTopo_dK,2,3,0.300,2,3,0.310,0.379328,0.5803,0.9990,-0.002380,0.003962,-0.00622,-19.67,0.9489,0,-0.0000
sameTopo_dK,3,5,0.300,3,5,0.310,-0.092479,0.8467,0.9185,-0.002733,0.014008,-0.00090,-2.84,0.7889,0,-0.0148
crossTopo_sameK,2,3,0.300,3,5,0.300,-0.763959,1.0217,1.0000,0.000219,0.000725,-0.00617,-19.50,0.9489,0,-0.0000
sameTopo_dK,2,3,0.320,2,3,0.330,0.071334,1.0117,1.0000,-0.005809,0.006753,-0.00463,-14.66,0.9346,0,-0.0000
sameTopo_dK,3,5,0.320,3,5,0.330,-0.003423,0.7521,0.9380,-0.021709,0.022801,0.00134,4.09,0.7409,0,0.1186
crossTopo_sameK,2,3,0.320,3,5,0.320,-0.006354,0.7778,0.9170,0.001649,0.004044,-0.00164,-5.21,0.9346,0,-0.0000
sameTopo_dK,2,3,0.340,2,3,0.350,0.876192,-0.3013,0.3384,0.000473,0.000605,-0.00553,-17.57,0.9171,0,-0.0000
sameTopo_dK,3,5,0.340,3,5,0.350,0.008580,0.7467,0.9194,0.002604,0.031991,0.00135,4.10,0.5180,0,0.2709
crossTopo_sameK,2,3,0.340,3,5,0.340,-0.021158,0.7826,0.9214,-0.004551,0.005657,0.00042,1.30,0.9171,0,-0.0000
sameTopo_dK,2,3,0.360,2,3,0.370,0.976896,-3.1501,0.0410,0.999843,0.999843,3.90699,70700.78,0.9006,15,-0.0580
sameTopo_dK,3,5,0.360,3,5,0.370,0.343491,0.1169,0.7822,-0.999569,0.999569,4.58513,70694.41,0.7818,24,-0.5399
crossTopo_sameK,2,3,0.360,3,5,0.360,-0.265179,0.9062,0.9595,0.000061,0.000313,1.58437,7868.42,0.9006,15,-0.0580
sameTopo_dK,2,3,0.380,2,3,0.390,0.989403,-4.0616,0.0215,0.999961,0.999961,3.90699,70700.78,0.8890,15,-0.1347
sameTopo_dK,3,5,0.380,3,5,0.390,0.347178,0.1670,0.8179,0.376668,0.925847,3.99747,42374.19,0.6378,24,-0.0175
crossTopo_sameK,2,3,0.380,3,5,0.380,-0.558961,1.1124,0.9980,0.000068,0.000313,1.58437,7868.42,0.8890,15,-0.1347
sameTopo_dK,2,3,0.400,2,3,0.410,0.992094,-4.5035,0.0200,0.999968,0.999968,3.90699,70700.78,0.8719,15,-0.1982
sameTopo_dK,3,5,0.400,3,5,0.410,0.006262,0.7516,0.9268,0.004829,0.014251,0.00068,2.10,0.3551,0,0.3613
crossTopo_sameK,2,3,0.400,3,5,0.400,0.029391,0.7605,0.9170,-0.001147,0.003707,-0.00041,-1.93,0.8719,15,-0.1982
sameTopo_dK,2,3,0.420,2,3,0.430,0.988621,-4.6687,0.0190,0.999964,0.999964,3.90699,70700.78,0.8502,15,-0.2620
sameTopo_dK,3,5,0.420,3,5,0.430,0.003612,0.7649,0.9258,-0.016578,0.027801,0.00015,0.45,0.2338,0,0.4134
crossTopo_sameK,2,3,0.420,3,5,0.420,-0.011266,0.7701,0.9150,-0.004910,0.005172,0.00010,0.47,0.8502,15,-0.2620
sameTopo_dK,2,3,0.440,2,3,0.450,0.992826,-4.5430,0.0166,0.999954,0.999954,3.90699,70700.78,0.8237,15,-0.3257
sameTopo_dK,3,5,0.440,3,5,0.450,-0.021518,0.7706,0.9263,-0.002357,0.002955,0.02097,110.22,0.1741,0,0.4306
crossTopo_sameK,2,3,0.440,3,5,0.440,-0.018872,0.7803,0.9199,0.000507,0.002517,-0.00068,-3.25,0.8237,15,-0.3257
sameTopo_dK,2,3,0.460,2,3,0.470,0.994587,-4.3060,0.0146,0.999935,0.999935,3.77364,70701.49,0.7917,15,-0.3846
sameTopo_dK,3,5,0.460,3,5,0.470,0.013563,0.7888,0.9341,0.026188,0.037301,0.00189,5.87,0.1211,0,0.4496
crossTopo_sameK,2,3,0.460,3,5,0.460,-0.009466,0.7797,0.9219,-0.000878,0.002908,-0.00038,-1.88,0.7917,15,-0.3846
sameTopo_dK,2,3,0.480,2,3,0.490,0.991811,-4.0821,0.0107,0.999908,0.999908,3.77365,70701.49,0.7532,15,-0.4434
sameTopo_dK,3,5,0.480,3,5,0.490,0.017169,0.7744,0.9238,-0.014096,0.014890,-0.00005,-0.18,0.1656,0,0.4666
crossTopo_sameK,2,3,0.480,3,5,0.480,0.037386,0.7726,0.9248,-0.005172,0.005205,-0.00038,-1.88,0.7532,15,-0.4434
sameTopo_dK,2,3,0.500,2,3,0.510,0.994295,-3.8975,0.0107,0.999875,0.999875,3.64032,67927.79,0.7076,15,-0.4481
sameTopo_dK,3,5,0.500,3,5,0.510,0.006485,0.7656,0.9238,0.015091,0.022782,0.00085,3.82,0.1700,0,0.5026
crossTopo_sameK,2,3,0.500,3,5,0.500,0.018197,0.7853,0.9297,-0.001254,0.001524,-0.00034,-1.71,0.7076,15,-0.4481
sameTopo_dK,2,3,0.520,2,3,0.530,0.992377,-3.7772,0.0132,0.999851,0.999851,3.64032,70702.19,0.6556,15,-0.3336
sameTopo_dK,3,5,0.520,3,5,0.530,0.236481,0.0532,0.8140,-0.170639,0.999949,2.99999,32987.71,0.3703,32,-0.2525
crossTopo_sameK,2,3,0.520,3,5,0.520,0.102533,0.7265,0.9043,0.000050,0.000079,-0.00130,-9.48,0.6556,15,-0.3336
sameTopo_dK,2,3,0.540,2,3,0.550,0.995852,-3.7407,0.0132,0.999842,0.999842,3.50697,67692.20,0.5996,15,-0.2467
sameTopo_dK,3,5,0.540,3,5,0.550,-0.069739,0.7755,0.9346,0.000719,0.004685,0.00060,2.74,0.2457,32,-0.0828
crossTopo_sameK,2,3,0.540,3,5,0.540,0.059569,0.7723,0.9160,-0.000021,0.000075,-0.00130,-9.48,0.5996,15,-0.2467
sameTopo_dK,2,3,0.560,2,3,0.570,0.994638,-3.7424,0.0166,0.999849,0.999849,3.37363,67412.57,0.5429,15,-0.1624
sameTopo_dK,3,5,0.560,3,5,0.570,0.079811,0.3377,0.8467,0.012498,0.999441,5.00022,70688.76,0.7575,32,-0.0674
crossTopo_sameK,2,3,0.560,3,5,0.560,-0.077343,0.8463,0.9365,-0.000003,0.000039,-0.00246,-13.04,0.5429,15,-0.1624
sameTopo_dK,2,3,0.580,2,3,0.590,0.990320,-3.7491,0.0254,0.999863,0.999863,3.24030,70704.31,0.4889,15,-0.0675
sameTopo_dK,3,5,0.580,3,5,0.590,-0.006828,0.7702,0.9263,0.012889,0.017190,0.00084,2.58,0.2408,0,0.5736
crossTopo_sameK,2,3,0.580,3,5,0.580,0.025563,0.7721,0.9209,-0.002534,0.005690,0.00003,0.14,0.4889,15,-0.0675
sameTopo_dK,2,3,0.600,2,3,0.610,0.992775,-2.9144,0.0161,0.999791,0.999791,2.88265,52582.38,0.4467,30,-0.0653
sameTopo_dK,3,5,0.600,3,5,0.610,0.022991,0.7659,0.9199,-0.003990,0.012840,0.00073,2.29,0.0894,0,0.6347
crossTopo_sameK,2,3,0.600,3,5,0.600,-0.035079,0.7805,0.9219,0.003437,0.005572,0.00015,0.89,0.4467,30,-0.0653
sameTopo_dK,2,3,0.620,2,3,0.630,0.988286,-3.2678,0.0210,0.999910,0.999910,3.23148,63917.90,0.4235,30,-0.1532
sameTopo_dK,3,5,0.620,3,5,0.630,-0.008498,0.7686,0.9141,-0.004816,0.015321,0.00009,0.22,0.0306,0,0.6454
crossTopo_sameK,2,3,0.620,3,5,0.620,-0.040517,0.7893,0.9194,0.004227,0.005750,0.00012,0.65,0.4235,30,-0.1532
sameTopo_dK,2,3,0.640,2,3,0.650,0.985915,-2.9538,0.0190,0.986695,0.999715,2.58174,31404.69,0.4022,30,-0.0081
sameTopo_dK,3,5,0.640,3,5,0.650,0.073612,0.4390,0.8857,0.999495,0.999495,4.00011,70700.07,1.0000,16,-0.1394
crossTopo_sameK,2,3,0.640,3,5,0.640,-0.052997,0.7861,0.9077,0.000048,0.000097,0.15755,908.45,0.4022,30,-0.0081
sameTopo_dK,2,3,0.660,2,3,0.670,0.983734,-2.4434,0.0317,0.999271,0.999271,3.00133,49124.36,0.3765,60,-0.0616
sameTopo_dK,3,5,0.660,3,5,0.670,0.081697,0.2211,0.8550,-0.694889,0.999853,4.00011,70700.07,1.0000,16,-0.9567
crossTopo_sameK,2,3,0.660,3,5,0.660,0.005513,0.7910,0.9204,-0.000037,0.000098,0.22397,1319.72,0.3765,60,-0.0616
sameTopo_dK,2,3,0.680,2,3,0.690,0.927339,-2.3372,0.1138,0.994543,0.999783,2.62436,35970.11,0.3426,60,-0.0450
sameTopo_dK,3,5,0.680,3,5,0.690,0.095732,0.0488,0.8257,-0.697453,0.999908,4.00011,70700.07,1.0000,16,-0.9357
crossTopo_sameK,2,3,0.680,3,5,0.680,-0.046275,0.7812,0.9229,0.000042,0.000098,0.28625,1746.71,0.3426,60,-0.0450
sameTopo_dK,2,3,0.700,2,3,0.710,0.772877,-2.1765,0.2388,0.999819,0.999819,3.34893,61412.51,0.3264,60,-0.1845
sameTopo_dK,3,5,0.700,3,5,0.710,0.114220,-0.0677,0.8081,-0.919418,0.999934,4.00011,70700.07,1.0000,16,-0.3728
crossTopo_sameK,2,3,0.700,3,5,0.700,-0.034482,0.7820,0.9316,-0.000055,0.000111,0.23894,1553.42,0.3264,60,-0.1845
sameTopo_dK,2,3,0.720,2,3,0.730,0.757314,-2.1405,0.2476,0.999893,0.999893,3.33474,62525.27,0.3143,60,-0.0108
sameTopo_dK,3,5,0.720,3,5,0.730,0.095001,-0.0772,0.8101,0.391067,0.999878,4.00011,49171.69,1.0000,16,-0.0905
crossTopo_sameK,2,3,0.720,3,5,0.720,0.013346,0.7767,0.9351,0.000057,0.000111,0.31069,1955.77,0.3143,60,-0.0108
sameTopo_dK,2,3,0.740,2,3,0.750,-0.001463,0.6922,0.9185,0.121414,0.130337,0.02850,124.29,0.3025,60,-0.0659
sameTopo_dK,3,5,0.740,3,5,0.750,0.156202,0.1405,0.8057,0.998214,0.998215,4.00000,34193.43,0.9925,0,0.0000
crossTopo_sameK,2,3,0.740,3,5,0.740,-0.000340,0.7531,0.9341,-0.000054,0.000102,0.29697,1279.93,0.3025,60,-0.0659
sameTopo_dK,2,3,0.760,2,3,0.770,-0.005224,0.7456,0.9092,-0.002138,0.008392,-0.00021,-0.98,0.2344,0,0.3330
sameTopo_dK,3,5,0.760,3,5,0.770,0.166909,0.1311,0.7808,0.377714,0.995713,3.82356,32116.75,0.9819,0,0.1166
crossTopo_sameK,2,3,0.760,3,5,0.760,0.019966,0.7708,0.9238,0.001841,0.002367,0.00028,0.77,0.2344,0,0.3330
sameTopo_dK,2,3,0.780,2,3,0.790,0.026529,0.7455,0.9165,-0.009570,0.022946,0.00033,1.04,0.2185,0,0.3409
sameTopo_dK,3,5,0.780,3,5,0.790,0.146682,0.3591,0.7905,0.899789,0.983162,2.98005,18148.07,0.9235,80,-0.0621
crossTopo_sameK,2,3,0.780,3,5,0.780,-0.009224,0.7771,0.9214,0.002545,0.003512,-0.00086,-2.77,0.2185,0,0.3409
sameTopo_dK,2,3,0.800,2,3,0.810,0.022042,0.7626,0.9194,0.006746,0.017495,0.00051,1.51,0.1767,0,0.4338
sameTopo_dK,3,5,0.800,3,5,0.810,0.020666,0.7829,0.9336,0.001469,0.014154,0.00003,0.08,0.2201,0,0.8968
crossTopo_sameK,2,3,0.800,3,5,0.800,-0.022927,0.7946,0.9336,-0.006348,0.011441,-0.00002,-0.12,0.1767,0,0.4338
sameTopo_dK,2,3,0.820,2,3,0.830,-0.025809,0.7540,0.9155,0.001727,0.027656,0.00056,1.84,0.1731,0,0.4617
sameTopo_dK,3,5,0.820,3,5,0.830,-0.008109,0.6277,0.8916,-0.921646,0.999909,4.50017,60888.24,0.2938,32,-0.0585
crossTopo_sameK,2,3,0.820,3,5,0.820,-0.046170,0.7974,0.9282,-0.001734,0.002492,-0.00045,-1.49,0.1731,0,0.4617
sameTopo_dK,2,3,0.840,2,3,0.850,0.039168,0.7665,0.9219,0.001258,0.016996,0.00001,0.06,0.1734,0,0.4924
sameTopo_dK,3,5,0.840,3,5,0.850,0.006169,0.7581,0.9189,-0.006294,0.009771,0.00046,1.43,0.3041,0,0.0274
crossTopo_sameK,2,3,0.840,3,5,0.840,0.001842,0.7918,0.9307,0.000297,0.005348,-0.00049,-1.68,0.1734,0,0.4924
sameTopo_dK,2,3,0.860,2,3,0.870,-0.027489,0.7559,0.9111,0.001487,0.011816,0.00047,1.36,0.1718,0,0.5200
sameTopo_dK,3,5,0.860,3,5,0.870,0.035067,0.7801,0.9263,-0.003475,0.004530,0.00065,1.98,0.7687,0,-0.0000
crossTopo_sameK,2,3,0.860,3,5,0.860,-0.011520,0.7737,0.9219,-0.001294,0.004102,0.00088,2.77,0.1718,0,0.5200
sameTopo_dK,2,3,0.880,2,3,0.890,0.023541,0.7540,0.9150,0.007148,0.012707,-0.00033,-1.98,0.1353,0,0.5665
sameTopo_dK,3,5,0.880,3,5,0.890,-0.011831,0.7764,0.9204,-0.007975,0.011615,0.00086,2.72,0.1578,0,1.0369
crossTopo_sameK,2,3,0.880,3,5,0.880,-0.006473,0.7908,0.9316,0.003292,0.016523,0.00014,0.35,0.1353,0,0.5665
sameTopo_dK,2,3,0.900,2,3,0.910,0.017979,0.6481,0.9355,-0.000039,0.000047,2.84027,50305.10,0.3090,15,-0.3065
sameTopo_dK,3,5,0.900,3,5,0.910,-0.021572,0.7805,0.9175,0.003307,0.009388,-0.00047,-1.55,0.1481,0,1.0898
crossTopo_sameK,2,3,0.900,3,5,0.900,0.061873,0.7592,0.9155,-0.003245,0.004426,0.00005,0.33,0.3090,15,-0.3065
sameTopo_dK,2,3,0.920,2,3,0.930,-0.004895,0.7611,0.9141,-0.006282,0.016388,-0.00027,-0.90,0.0700,0,0.6386
sameTopo_dK,3,5,0.920,3,5,0.930,-0.005230,0.7777,0.9233,0.000337,0.010755,0.00036,1.08,0.1659,0,1.1160
crossTopo_sameK,2,3,0.920,3,5,0.920,-0.011748,0.7859,0.9307,0.007385,0.012141,0.00050,1.54,0.0700,0,0.6386
sameTopo_dK,2,3,0.940,2,3,0.950,0.000060,0.7589,0.9150,0.005273,0.014876,0.00007,0.28,0.0603,0,0.6817
sameTopo_dK,3,5,0.940,3,5,0.950,0.033691,0.7584,0.9219,-0.003634,0.016475,-0.00013,-0.46,0.1400,0,1.1384
crossTopo_sameK,2,3,0.940,3,5,0.940,0.018877,0.7729,0.9185,0.001260,0.011904,-0.00006,-0.23,0.0603,0,0.6817
sameTopo_dK,2,3,0.960,2,3,0.970,-0.033837,0.8112,0.9316,-0.004031,0.019417,0.00013,0.29,0.0803,0,0.7393
sameTopo_dK,3,5,0.960,3,5,0.970,-0.003317,0.7695,0.9224,0.001856,0.013056,-0.00001,-0.08,0.1401,0,1.1700
crossTopo_sameK,2,3,0.960,3,5,0.960,0.011972,0.7921,0.9302,0.002190,0.012446,-0.00026,-0.86,0.0803,0,0.7393
sameTopo_dK,2,3,0.980,2,3,0.990,0.015409,0.7660,0.9189,0.004018,0.015766,0.00018,0.47,0.0820,0,0.7721
sameTopo_dK,3,5,0.980,3,5,0.990,-0.006414,0.7793,0.9238,-0.011972,0.014639,-0.00025,-0.81,0.1448,0,1.1764
crossTopo_sameK,2,3,0.980,3,5,0.980,0.005172,0.7731,0.9204,0.002066,0.017031,0.00040,1.32,0.0820,0,0.7721
sameTopo_dK,2,3,1.000,2,3,1.010,-0.015991,0.7929,0.9253,-0.004683,0.009372,0.00005,0.32,0.0934,0,0.8194
sameTopo_dK,3,5,1.000,3,5,1.010,0.016703,0.7704,0.9238,0.003757,0.012575,0.00022,0.61,0.1176,0,1.2186
crossTopo_sameK,2,3,1.000,3,5,1.000,-0.039807,0.7995,0.9316,-0.000510,0.013585,0.00011,0.30,0.0934,0,0.8194
