pair,p,q,K,KB,n,t0,W,max_abs_r_ens,rms_r_ens,r_ens_first,r_ens_last,mean_ln_d_end,floor_3sigma
sameTopo_dK,2,3,0.300,0.310,2048,10000,200,0.379856,0.233804,0.379856,0.054333,0.5519,0.066291
sameTopo_dK,3,5,0.300,0.310,2048,10000,200,0.150627,0.069386,-0.091847,0.141351,0.6735,0.066291
crossTopo_sameK,2,3,0.300,0.300,2048,10000,200,0.801449,0.521527,-0.759667,-0.628843,0.8512,0.066291
sameTopo_dK,2,3,0.320,0.330,2048,10000,200,0.449281,0.219027,0.054630,-0.322973,1.2296,0.066291
sameTopo_dK,3,5,0.320,0.330,2048,10000,200,0.046574,0.018849,0.012103,-0.010662,0.7700,0.066291
crossTopo_sameK,2,3,0.320,0.320,2048,10000,200,0.036913,0.018210,-0.027174,-0.012714,0.7789,0.066291
sameTopo_dK,2,3,0.340,0.350,2048,10000,200,0.874683,0.473281,0.874683,-0.081668,1.1051,0.066291
sameTopo_dK,3,5,0.340,0.350,2048,10000,200,0.038793,0.016215,0.013465,0.008226,0.7874,0.066291
crossTopo_sameK,2,3,0.340,0.340,2048,10000,200,0.031798,0.015518,-0.022222,-0.015411,0.7935,0.066291
sameTopo_dK,2,3,0.360,0.370,2048,10000,200,0.984839,0.980098,0.981771,0.981791,-3.1123,0.066291
sameTopo_dK,3,5,0.360,0.370,2048,10000,200,0.359857,0.340575,0.356695,0.349241,0.1093,0.066291
crossTopo_sameK,2,3,0.360,0.360,2048,10000,200,0.295118,0.207905,-0.278982,0.240202,0.5757,0.066291
sameTopo_dK,2,3,0.380,0.390,2048,10000,200,0.990762,0.989677,0.989780,0.988439,-3.9883,0.066291
sameTopo_dK,3,5,0.380,0.390,2048,10000,200,0.359239,0.348120,0.335943,0.349106,0.1661,0.066291
crossTopo_sameK,2,3,0.380,0.380,2048,10000,200,0.675276,0.492625,-0.587052,0.614660,0.3686,0.066291
sameTopo_dK,2,3,0.400,0.410,2048,10000,200,0.995192,0.989235,0.984952,0.984092,-4.3830,0.066291
sameTopo_dK,3,5,0.400,0.410,2048,10000,200,0.062436,0.019102,0.026043,0.032574,0.7557,0.066291
crossTopo_sameK,2,3,0.400,0.400,2048,10000,200,0.072859,0.024878,-0.003176,-0.031540,0.7839,0.066291
sameTopo_dK,2,3,0.420,0.430,2048,10000,200,0.992336,0.990612,0.991694,0.990094,-4.5127,0.066291
sameTopo_dK,3,5,0.420,0.430,2048,10000,200,0.054711,0.020652,-0.008356,0.018669,0.7363,0.066291
crossTopo_sameK,2,3,0.420,0.420,2048,10000,200,0.056701,0.024112,-0.001061,-0.013235,0.7874,0.066291
sameTopo_dK,2,3,0.440,0.450,2048,10000,200,0.994446,0.992913,0.992793,0.992458,-4.3997,0.066291
sameTopo_dK,3,5,0.440,0.450,2048,10000,200,0.056754,0.022325,0.020166,-0.017365,0.7641,0.066291
crossTopo_sameK,2,3,0.440,0.440,2048,10000,200,0.072832,0.017776,-0.009989,0.009320,0.7633,0.066291
sameTopo_dK,2,3,0.460,0.470,2048,10000,200,0.995121,0.993817,0.994580,0.994050,-4.1839,0.066291
sameTopo_dK,3,5,0.460,0.470,2048,10000,200,0.074775,0.023876,0.007662,0.074775,0.7379,0.066291
crossTopo_sameK,2,3,0.460,0.460,2048,10000,200,0.051406,0.019766,0.006096,0.013961,0.7717,0.066291
sameTopo_dK,2,3,0.480,0.490,2048,10000,200,0.996716,0.994274,0.994885,0.995487,-3.9834,0.066291
sameTopo_dK,3,5,0.480,0.490,2048,10000,200,0.067078,0.022092,0.007878,-0.016494,0.7756,0.066291
crossTopo_sameK,2,3,0.480,0.480,2048,10000,200,0.066468,0.023319,0.027173,0.023208,0.7782,0.066291
sameTopo_dK,2,3,0.500,0.510,2048,10000,200,0.996780,0.994420,0.996279,0.995513,-3.8115,0.066291
sameTopo_dK,3,5,0.500,0.510,2048,10000,200,0.061282,0.022555,0.008356,0.030035,0.7820,0.066291
crossTopo_sameK,2,3,0.500,0.500,2048,10000,200,0.052799,0.018747,-0.005700,0.016615,0.7611,0.066291
sameTopo_dK,2,3,0.520,0.530,2048,10000,200,0.996659,0.993208,0.994560,0.994473,-3.7034,0.066291
sameTopo_dK,3,5,0.520,0.530,2048,10000,200,0.265861,0.252276,0.252610,0.265861,0.0532,0.066291
crossTopo_sameK,2,3,0.520,0.520,2048,10000,200,0.297868,0.189522,0.177345,-0.054702,0.7969,0.066291
sameTopo_dK,2,3,0.540,0.550,2048,10000,200,0.996469,0.994166,0.992924,0.992917,-3.6760,0.066291
sameTopo_dK,3,5,0.540,0.550,2048,10000,200,0.080207,0.024625,-0.032637,-0.020775,0.7674,0.066291
crossTopo_sameK,2,3,0.540,0.540,2048,10000,200,0.088520,0.047705,0.072718,0.026406,0.7771,0.066291
sameTopo_dK,2,3,0.560,0.570,2048,10000,200,0.994669,0.993419,0.991369,0.993111,-3.6836,0.066291
sameTopo_dK,3,5,0.560,0.570,2048,10000,200,0.106595,0.091130,0.076789,0.102112,0.3423,0.066291
crossTopo_sameK,2,3,0.560,0.560,2048,10000,200,0.079857,0.044265,-0.040883,0.038823,0.7259,0.066291
sameTopo_dK,2,3,0.580,0.590,2048,10000,200,0.991778,0.989059,0.988937,0.990225,-3.6930,0.066291
sameTopo_dK,3,5,0.580,0.590,2048,10000,200,0.065234,0.021436,0.004055,0.008717,0.7649,0.066291
crossTopo_sameK,2,3,0.580,0.580,2048,10000,200,0.056403,0.021151,-0.022555,-0.020724,0.7885,0.066291
sameTopo_dK,2,3,0.600,0.610,2048,10000,200,0.993902,0.992631,0.991429,0.992864,-2.8092,0.066291
sameTopo_dK,3,5,0.600,0.610,2048,10000,200,0.073821,0.024533,0.034834,-0.023171,0.7985,0.066291
crossTopo_sameK,2,3,0.600,0.600,2048,10000,200,0.059675,0.021181,-0.029598,0.034916,0.7617,0.066291
sameTopo_dK,2,3,0.620,0.630,2048,10000,200,0.991649,0.989391,0.990683,0.991238,-3.1792,0.066291
sameTopo_dK,3,5,0.620,0.630,2048,10000,200,0.067507,0.020787,-0.011925,0.005146,0.7781,0.066291
crossTopo_sameK,2,3,0.620,0.620,2048,10000,200,0.092337,0.022338,-0.092337,0.008630,0.7752,0.066291
sameTopo_dK,2,3,0.640,0.650,2048,10000,200,0.991081,0.988488,0.989566,0.988924,-2.8663,0.066291
sameTopo_dK,3,5,0.640,0.650,2048,10000,200,0.077583,0.071373,0.065056,0.073612,0.4390,0.066291
crossTopo_sameK,2,3,0.640,0.640,2048,10000,200,0.055451,0.029801,-0.034880,-0.034865,0.7788,0.066291
sameTopo_dK,2,3,0.660,0.670,2048,10000,200,0.984229,0.979222,0.976962,0.979338,-2.3305,0.066291
sameTopo_dK,3,5,0.660,0.670,2048,10000,200,0.112745,0.086712,0.066169,0.081697,0.2211,0.066291
crossTopo_sameK,2,3,0.660,0.660,2048,10000,200,0.068999,0.033821,-0.005483,0.014999,0.7636,0.066291
sameTopo_dK,2,3,0.680,0.690,2048,10000,200,0.936282,0.924582,0.929261,0.921184,-2.1801,0.066291
sameTopo_dK,3,5,0.680,0.690,2048,10000,200,0.125595,0.110720,0.114963,0.095732,0.0488,0.066291
crossTopo_sameK,2,3,0.680,0.680,2048,10000,200,0.068016,0.042710,-0.047003,-0.056743,0.8102,0.066291
sameTopo_dK,2,3,0.700,0.710,2048,10000,200,0.793848,0.777105,0.775689,0.788900,-2.1120,0.066291
sameTopo_dK,3,5,0.700,0.710,2048,10000,200,0.145474,0.128210,0.128368,0.114220,-0.0677,0.066291
crossTopo_sameK,2,3,0.700,0.700,2048,10000,200,0.079577,0.047127,-0.021863,-0.059088,0.8206,0.066291
sameTopo_dK,2,3,0.720,0.730,2048,10000,200,0.763242,0.755281,0.752580,0.751640,-2.1102,0.066291
sameTopo_dK,3,5,0.720,0.730,2048,10000,200,0.150392,0.122292,0.150392,0.094919,-0.0829,0.066291
crossTopo_sameK,2,3,0.720,0.720,2048,10000,200,0.076004,0.035661,-0.015712,-0.030499,0.7945,0.066291
sameTopo_dK,2,3,0.740,0.750,2048,10000,200,0.055369,0.025713,-0.011874,0.007756,0.6971,0.066291
sameTopo_dK,3,5,0.740,0.750,2048,10000,200,0.161042,0.151260,0.149311,0.156345,0.1832,0.066291
crossTopo_sameK,2,3,0.740,0.740,2048,10000,200,0.068183,0.035735,0.002225,-0.037867,0.8242,0.066291
sameTopo_dK,2,3,0.760,0.770,2048,10000,200,0.052862,0.019422,0.014133,-0.019752,0.7608,0.066291
sameTopo_dK,3,5,0.760,0.770,2048,10000,200,0.182348,0.169443,0.177215,0.169099,0.1409,0.066291
crossTopo_sameK,2,3,0.760,0.760,2048,10000,200,0.052790,0.023079,0.019689,-0.010894,0.7924,0.066291
sameTopo_dK,2,3,0.780,0.790,2048,10000,200,0.071122,0.021652,0.012901,0.013019,0.7795,0.066291
sameTopo_dK,3,5,0.780,0.790,2048,10000,200,0.153056,0.121133,0.113134,0.147166,0.3511,0.066291
crossTopo_sameK,2,3,0.780,0.780,2048,10000,200,0.075466,0.023713,0.008762,0.016039,0.7687,0.066291
sameTopo_dK,2,3,0.800,0.810,2048,10000,200,0.056634,0.022049,0.056499,-0.008029,0.7453,0.066291
sameTopo_dK,3,5,0.800,0.810,2048,10000,200,0.059593,0.021295,0.003405,-0.000071,0.7862,0.066291
crossTopo_sameK,2,3,0.800,0.800,2048,10000,200,0.074295,0.021885,-0.001150,-0.017125,0.7942,0.066291
sameTopo_dK,2,3,0.820,0.830,2048,10000,200,0.072761,0.021620,-0.000467,0.025198,0.7457,0.066291
sameTopo_dK,3,5,0.820,0.830,2048,10000,200,0.052767,0.026417,-0.031161,-0.001229,0.6277,0.066291
crossTopo_sameK,2,3,0.820,0.820,2048,10000,200,0.071151,0.024058,-0.043325,-0.013610,0.7770,0.066291
sameTopo_dK,2,3,0.840,0.850,2048,10000,200,0.062644,0.023105,0.050502,-0.029611,0.7751,0.066291
sameTopo_dK,3,5,0.840,0.850,2048,10000,200,0.053217,0.019966,0.018168,-0.007395,0.7774,0.066291
crossTopo_sameK,2,3,0.840,0.840,2048,10000,200,0.068719,0.022041,-0.039123,-0.007239,0.7801,0.066291
sameTopo_dK,2,3,0.860,0.870,2048,10000,200,0.096664,0.025372,0.017006,-0.022712,0.7856,0.066291
sameTopo_dK,3,5,0.860,0.870,2048,10000,200,0.077354,0.022715,0.061191,0.002501,0.7616,0.066291
crossTopo_sameK,2,3,0.860,0.860,2048,10000,200,0.066767,0.023842,-0.022880,0.010636,0.7753,0.066291
sameTopo_dK,2,3,0.880,0.890,2048,10000,200,0.062944,0.021592,0.008039,0.009507,0.7633,0.066291
sameTopo_dK,3,5,0.880,0.890,2048,10000,200,0.065664,0.023592,-0.014243,0.054103,0.7539,0.066291
crossTopo_sameK,2,3,0.880,0.880,2048,10000,200,0.081971,0.020775,-0.002381,0.032424,0.7438,0.066291
sameTopo_dK,2,3,0.900,0.910,2048,10000,200,0.045983,0.016166,0.001703,-0.029675,0.6609,0.066291
sameTopo_dK,3,5,0.900,0.910,2048,10000,200,0.064954,0.021715,-0.033105,-0.009444,0.7739,0.066291
crossTopo_sameK,2,3,0.900,0.900,2048,10000,200,0.060136,0.020065,0.051450,-0.000426,0.7716,0.066291
sameTopo_dK,2,3,0.920,0.930,2048,10000,200,0.050073,0.018843,0.019089,0.002826,0.7637,0.066291
sameTopo_dK,3,5,0.920,0.930,2048,10000,200,0.069653,0.021218,0.003114,-0.015082,0.7786,0.066291
crossTopo_sameK,2,3,0.920,0.920,2048,10000,200,0.081496,0.023448,-0.015073,0.022493,0.7869,0.066291
sameTopo_dK,2,3,0.940,0.950,2048,10000,200,0.060256,0.023347,-0.034329,0.010223,0.7663,0.066291
sameTopo_dK,3,5,0.940,0.950,2048,10000,200,0.062230,0.022845,0.028047,0.014432,0.7558,0.066291
crossTopo_sameK,2,3,0.940,0.940,2048,10000,200,0.081092,0.023829,-0.004678,0.011099,0.7912,0.066291
sameTopo_dK,2,3,0.960,0.970,2048,10000,200,0.073297,0.023085,-0.020210,0.018129,0.7757,0.066291
sameTopo_dK,3,5,0.960,0.970,2048,10000,200,0.064944,0.022000,0.003818,0.011738,0.7807,0.066291
crossTopo_sameK,2,3,0.960,0.960,2048,10000,200,0.060392,0.023223,0.005038,0.019133,0.7561,0.066291
sameTopo_dK,2,3,0.980,0.990,2048,10000,200,0.062652,0.020419,0.009702,-0.005365,0.7739,0.066291
sameTopo_dK,3,5,0.980,0.990,2048,10000,200,0.068855,0.022393,0.015720,-0.001133,0.7688,0.066291
crossTopo_sameK,2,3,0.980,0.980,2048,10000,200,0.064747,0.023124,-0.015208,0.013982,0.7629,0.066291
sameTopo_dK,2,3,1.000,1.010,2048,10000,200,0.065347,0.023674,-0.008472,-0.010200,0.7884,0.066291
sameTopo_dK,3,5,1.000,1.010,2048,10000,200,0.068203,0.021712,0.003291,-0.003204,0.7655,0.066291
crossTopo_sameK,2,3,1.000,1.000,2048,10000,200,0.059945,0.022173,-0.030090,0.043357,0.7780,0.066291
