mode,update,p,q,K,delta,t,mean_ln_d,frac_d_gt_1,r_cos1,r_cos2,r_sin1
K,gs,3,5,20,1.000e-12,1,-24.896519,0.000000,1.000000,1.000000,1.000000
K,gs,3,5,20,1.000e-12,2,-18.094416,0.000000,1.000000,1.000000,1.000000
K,gs,3,5,20,1.000e-12,3,-11.297635,0.000000,1.000000,1.000000,1.000000
K,gs,3,5,20,1.000e-12,4,-4.503186,0.006287,0.999991,0.984613,0.999991
K,gs,3,5,20,1.000e-12,5,0.095211,0.707947,0.527092,0.154882,0.538481
K,gs,3,5,20,1.000e-12,6,0.743480,0.908752,0.040792,0.009606,0.046092
K,gs,3,5,20,1.000e-12,7,0.772849,0.919922,0.003286,0.007361,0.008665
K,gs,3,5,20,1.000e-12,8,0.775544,0.920837,-0.001207,-0.003935,0.004840
K,gs,3,5,20,1.000e-12,9,0.777580,0.920288,-0.000865,-0.003993,-0.001757
K,gs,3,5,20,1.000e-12,10,0.772138,0.920227,0.001691,0.002684,0.023709
K,gs,3,5,20,1.000e-12,11,0.775515,0.919006,-0.005475,-0.003751,0.003540
K,gs,3,5,20,1.000e-12,12,0.778013,0.920532,0.009180,-0.004573,-0.008127
K,gs,3,5,20,1.000e-12,13,0.770924,0.918823,0.006449,0.004214,-0.011281
K,gs,3,5,20,1.000e-12,14,0.775108,0.922058,0.005178,0.005180,-0.007636
K,gs,3,5,20,1.000e-12,15,0.782717,0.921814,-0.009817,-0.006936,-0.008041
K,gs,3,5,20,1.000e-12,16,0.769229,0.917969,-0.005924,0.002971,0.026884
K,gs,3,5,20,1.000e-12,17,0.778125,0.920410,-0.002014,-0.001125,-0.003978
K,gs,3,5,20,1.000e-12,18,0.778063,0.921997,-0.008655,-0.001383,0.006033
K,gs,3,5,20,1.000e-12,19,0.769500,0.917847,0.015466,0.004355,0.006001
K,gs,3,5,20,1.000e-12,20,0.779335,0.922241,-0.008233,0.003969,-0.000015
K,gs,3,5,20,1.000e-12,21,0.772285,0.920776,0.000142,0.007708,0.026036
K,gs,3,5,20,1.000e-12,22,0.784571,0.919800,-0.010776,-0.015459,-0.009994
K,gs,3,5,20,1.000e-12,23,0.778714,0.921997,-0.004145,0.016034,-0.003560
K,gs,3,5,20,1.000e-12,24,0.771279,0.916809,0.007031,0.008179,0.007066
K,gs,3,5,20,1.000e-12,25,0.774605,0.920654,0.006683,0.008873,0.010250
K,gs,3,5,20,1.000e-12,26,0.777769,0.921204,0.002004,-0.006502,-0.001197
K,gs,3,5,20,1.000e-12,27,0.778847,0.920959,0.005030,-0.011201,-0.002678
K,gs,3,5,20,1.000e-12,28,0.773844,0.920349,-0.003728,0.004756,-0.003630
K,gs,3,5,20,1.000e-12,29,0.781397,0.924500,0.003681,-0.005533,-0.024828
K,gs,3,5,20,1.000e-12,30,0.777045,0.916687,0.005334,0.005490,-0.006154
K,gs,3,5,20,1.000e-12,31,0.773165,0.917969,0.006229,-0.004037,0.005631
K,gs,3,5,20,1.000e-12,32,0.775527,0.922607,0.012447,-0.004198,-0.013718
K,gs,3,5,20,1.000e-12,33,0.771365,0.917847,0.007592,0.001933,0.005420
K,gs,3,5,20,1.000e-12,34,0.770809,0.916260,-0.010464,0.017851,-0.004505
K,gs,3,5,20,1.000e-12,35,0.777135,0.922852,0.006927,0.007955,0.000013
K,gs,3,5,20,1.000e-12,36,0.775803,0.923889,0.005679,0.003272,0.002765
K,gs,3,5,20,1.000e-12,37,0.777822,0.920898,0.000185,0.000106,0.007489
K,gs,3,5,20,1.000e-12,38,0.778077,0.921997,-0.012832,0.005251,0.004630
K,gs,3,5,20,1.000e-12,39,0.772684,0.918335,0.009372,0.017016,-0.003538
K,gs,3,5,20,1.000e-12,40,0.778560,0.923218,-0.008027,0.010774,-0.006883
K,gs,3,5,20,1.000e-12,41,0.774316,0.919067,-0.001646,-0.000920,0.005153
K,gs,3,5,20,1.000e-12,42,0.783971,0.922607,-0.008588,-0.000131,-0.011853
K,gs,3,5,20,1.000e-12,43,0.775151,0.920471,-0.019419,0.013264,0.000097
K,gs,3,5,20,1.000e-12,44,0.775241,0.918701,0.004247,0.010406,0.005293
K,gs,3,5,20,1.000e-12,45,0.774590,0.921387,-0.003328,0.007829,0.003006
K,gs,3,5,20,1.000e-12,46,0.773627,0.919434,0.003225,-0.002199,-0.002445
K,gs,3,5,20,1.000e-12,47,0.777689,0.919373,-0.004433,-0.009492,0.002091
K,gs,3,5,20,1.000e-12,48,0.778344,0.919800,-0.002119,-0.004038,-0.001667
K,gs,3,5,20,1.000e-12,49,0.775768,0.921936,-0.005500,-0.001215,0.017519
K,gs,3,5,20,1.000e-12,50,0.776604,0.920105,-0.001108,0.004793,-0.002824
K,gs,3,5,20,1.000e-12,51,0.780023,0.922974,0.001520,-0.007387,0.005894
K,gs,3,5,20,1.000e-12,52,0.774985,0.920166,-0.010752,-0.007475,0.013105
K,gs,3,5,20,1.000e-12,53,0.775662,0.920227,0.007621,-0.009999,0.000120
K,gs,3,5,20,1.000e-12,54,0.771333,0.918945,0.008239,0.010411,0.003334
K,gs,3,5,20,1.000e-12,55,0.773799,0.920471,-0.000676,0.010374,0.003054
K,gs,3,5,20,1.000e-12,56,0.782672,0.922119,-0.013745,-0.006726,-0.013997
K,gs,3,5,20,1.000e-12,57,0.773325,0.918884,-0.004277,-0.000949,0.007182
K,gs,3,5,20,1.000e-12,58,0.777644,0.920776,0.002142,0.004308,-0.008269
K,gs,3,5,20,1.000e-12,59,0.776493,0.921021,0.014724,-0.009476,-0.010607
K,gs,3,5,20,1.000e-12,60,0.777281,0.920227,-0.007137,0.005422,-0.001769
K,gs,3,5,20,1.000e-12,61,0.774910,0.918823,-0.006970,0.001879,0.005299
K,gs,3,5,20,1.000e-12,62,0.779186,0.919189,0.006327,0.000834,-0.016038
K,gs,3,5,20,1.000e-12,63,0.779875,0.920898,-0.002376,0.002091,-0.005659
K,gs,3,5,20,1.000e-12,64,0.769466,0.916931,0.012518,-0.008366,0.008567
K,gs,3,5,20,1.000e-12,65,0.780389,0.922058,-0.001480,0.001709,0.001797
K,gs,3,5,20,1.000e-12,66,0.772808,0.917542,0.010577,-0.013268,0.006306
K,gs,3,5,20,1.000e-12,67,0.778524,0.920898,-0.003423,0.008461,-0.002828
K,gs,3,5,20,1.000e-12,68,0.783885,0.923645,-0.006137,-0.013144,-0.006484
K,gs,3,5,20,1.000e-12,69,0.781414,0.923584,-0.005392,0.002186,-0.002615
K,gs,3,5,20,1.000e-12,70,0.775798,0.919434,0.005316,-0.008033,0.014534
K,gs,3,5,20,1.000e-12,71,0.777367,0.920288,0.009242,0.000509,-0.000350
K,gs,3,5,20,1.000e-12,72,0.773530,0.920288,0.005266,0.007089,0.009557
K,gs,3,5,20,1.000e-12,73,0.770215,0.913025,0.001306,0.001775,0.014648
K,gs,3,5,20,1.000e-12,74,0.775179,0.922241,-0.008726,0.014893,0.002185
K,gs,3,5,20,1.000e-12,75,0.772572,0.918396,-0.013339,0.018981,0.005275
K,gs,3,5,20,1.000e-12,76,0.779721,0.921814,0.003332,-0.008196,0.007990
K,gs,3,5,20,1.000e-12,77,0.779977,0.922302,0.002429,-0.012003,-0.003984
K,gs,3,5,20,1.000e-12,78,0.781243,0.920898,-0.011271,-0.003102,0.006664
K,gs,3,5,20,1.000e-12,79,0.776430,0.920349,-0.005603,0.001272,-0.003886
K,gs,3,5,20,1.000e-12,80,0.771155,0.917175,-0.003807,0.005927,0.003397
K,gs,3,5,20,1.000e-10,1,-20.290088,0.000000,1.000000,1.000000,1.000000
K,gs,3,5,20,1.000e-10,2,-13.487998,0.000000,1.000000,1.000000,1.000000
K,gs,3,5,20,1.000e-10,3,-6.691412,0.000000,1.000000,0.999952,1.000000
K,gs,3,5,20,1.000e-10,4,-0.701687,0.476440,0.932235,0.345277,0.929972
K,gs,3,5,20,1.000e-10,5,0.695245,0.894043,0.085202,0.025322,0.095317
K,gs,3,5,20,1.000e-10,6,0.771749,0.919006,0.010419,-0.012172,0.010740
K,gs,3,5,20,1.000e-10,7,0.768269,0.917603,0.014504,0.018560,-0.000319
K,gs,3,5,20,1.000e-10,8,0.775191,0.919312,-0.003383,0.005732,-0.000733
K,gs,3,5,20,1.000e-10,9,0.774617,0.920349,0.013556,0.002456,-0.007947
K,gs,3,5,20,1.000e-10,10,0.781916,0.921082,-0.016489,-0.007576,0.005716
K,gs,3,5,20,1.000e-10,11,0.778171,0.922974,-0.006627,0.011944,0.006596
K,gs,3,5,20,1.000e-10,12,0.782530,0.924072,-0.006346,-0.017665,-0.006368
K,gs,3,5,20,1.000e-10,13,0.777062,0.920105,-0.005781,0.003281,0.007170
K,gs,3,5,20,1.000e-10,14,0.778808,0.919312,-0.017177,0.005344,0.001073
K,gs,3,5,20,1.000e-10,15,0.780191,0.922913,-0.014781,0.003803,0.003604
K,gs,3,5,20,1.000e-10,16,0.780896,0.922119,0.003614,0.006025,-0.001318
K,gs,3,5,20,1.000e-10,17,0.785801,0.924866,-0.007840,-0.014010,0.006561
K,gs,3,5,20,1.000e-10,18,0.780229,0.922424,0.006156,-0.004765,-0.008164
K,gs,3,5,20,1.000e-10,19,0.775167,0.918274,-0.003260,-0.008224,0.004695
K,gs,3,5,20,1.000e-10,20,0.777410,0.919678,-0.000193,-0.006310,-0.008817
K,gs,3,5,20,1.000e-10,21,0.769587,0.918274,0.001929,0.010804,0.011445
K,gs,3,5,20,1.000e-10,22,0.770667,0.916809,-0.000474,0.001759,0.007504
K,gs,3,5,20,1.000e-10,23,0.777290,0.917847,0.002251,0.008354,-0.000139
K,gs,3,5,20,1.000e-10,24,0.778764,0.920471,0.004090,-0.006623,-0.004102
K,gs,3,5,20,1.000e-10,25,0.771240,0.917725,0.016008,-0.010444,0.012977
K,gs,3,5,20,1.000e-10,26,0.777481,0.921814,0.013376,-0.006985,-0.000300
K,gs,3,5,20,1.000e-10,27,0.769041,0.917419,0.004469,0.020909,0.005214
K,gs,3,5,20,1.000e-10,28,0.774746,0.918701,-0.000705,-0.000243,0.000947
K,gs,3,5,20,1.000e-10,29,0.775521,0.918640,-0.006847,0.002539,0.003962
K,gs,3,5,20,1.000e-10,30,0.779079,0.920898,-0.004000,-0.005630,0.000597
K,gs,3,5,20,1.000e-10,31,0.783082,0.923218,0.000539,0.002881,-0.000088
K,gs,3,5,20,1.000e-10,32,0.776686,0.919006,-0.010121,0.015847,0.001266
K,gs,3,5,20,1.000e-10,33,0.776103,0.920715,-0.008512,-0.002526,0.001041
K,gs,3,5,20,1.000e-10,34,0.775662,0.920349,0.002603,-0.005456,0.008213
K,gs,3,5,20,1.000e-10,35,0.778174,0.922974,0.003830,0.010287,0.000541
K,gs,3,5,20,1.000e-10,36,0.771152,0.916138,0.007899,0.005389,0.004799
K,gs,3,5,20,1.000e-10,37,0.776424,0.918945,-0.002747,-0.000230,-0.002050
K,gs,3,5,20,1.000e-10,38,0.777457,0.919739,0.000522,-0.006839,-0.000619
K,gs,3,5,20,1.000e-10,39,0.768621,0.918152,-0.003699,0.005173,0.008180
K,gs,3,5,20,1.000e-10,40,0.771349,0.918030,0.005297,0.012109,0.004734
K,gs,3,5,20,1.000e-10,41,0.769442,0.920837,0.011128,0.016179,0.010300
K,gs,3,5,20,1.000e-10,42,0.773621,0.917603,-0.004451,0.010692,0.003804
K,gs,3,5,20,1.000e-10,43,0.781036,0.925354,-0.001287,0.012565,-0.010800
K,gs,3,5,20,1.000e-10,44,0.784463,0.924805,-0.001692,-0.011348,0.006985
K,gs,3,5,20,1.000e-10,45,0.776841,0.921509,0.002266,0.008077,-0.003404
K,gs,3,5,20,1.000e-10,46,0.773312,0.918701,-0.004211,-0.000781,0.011719
K,gs,3,5,20,1.000e-10,47,0.777038,0.921875,0.008452,-0.000185,0.008839
K,gs,3,5,20,1.000e-10,48,0.769636,0.918884,-0.002613,0.003098,0.003194
K,gs,3,5,20,1.000e-10,49,0.772167,0.918396,0.005886,-0.001100,-0.002361
K,gs,3,5,20,1.000e-10,50,0.775785,0.920044,0.011570,-0.006240,0.001330
K,gs,3,5,20,1.000e-10,51,0.780874,0.922363,-0.006929,-0.006569,-0.000371
K,gs,3,5,20,1.000e-10,52,0.774079,0.922363,0.009495,-0.014273,0.004049
K,gs,3,5,20,1.000e-10,53,0.774224,0.920837,-0.007866,0.002319,0.016456
K,gs,3,5,20,1.000e-10,54,0.773085,0.919800,0.001695,0.012239,-0.001638
K,gs,3,5,20,1.000e-10,55,0.778814,0.922119,0.002733,-0.008043,0.000345
K,gs,3,5,20,1.000e-10,56,0.771512,0.916931,0.009170,0.000876,0.001397
K,gs,3,5,20,1.000e-10,57,0.771661,0.914001,-0.001821,-0.001713,-0.006103
K,gs,3,5,20,1.000e-10,58,0.781548,0.920776,-0.006793,0.001288,-0.008945
K,gs,3,5,20,1.000e-10,59,0.776730,0.920288,-0.001982,0.006344,0.000705
K,gs,3,5,20,1.000e-10,60,0.769013,0.919373,0.006794,0.007450,0.010085
K,gs,3,5,20,1.000e-10,61,0.781726,0.922302,0.010559,-0.012911,-0.012600
K,gs,3,5,20,1.000e-10,62,0.773648,0.917053,-0.004644,0.000568,0.010094
K,gs,3,5,20,1.000e-10,63,0.785173,0.922302,-0.008701,-0.005119,-0.012344
K,gs,3,5,20,1.000e-10,64,0.776131,0.920227,-0.006818,0.005064,-0.011123
K,gs,3,5,20,1.000e-10,65,0.775704,0.922180,0.003190,0.000733,-0.003899
K,gs,3,5,20,1.000e-10,66,0.775470,0.922852,0.000177,0.008033,-0.009361
K,gs,3,5,20,1.000e-10,67,0.778513,0.920654,-0.005821,0.012225,-0.011091
K,gs,3,5,20,1.000e-10,68,0.776679,0.920288,-0.002967,0.000560,-0.001456
K,gs,3,5,20,1.000e-10,69,0.771614,0.916687,-0.001388,-0.001404,0.013416
K,gs,3,5,20,1.000e-10,70,0.775701,0.920837,-0.008601,0.010051,-0.004369
K,gs,3,5,20,1.000e-10,71,0.769388,0.917542,0.001440,0.002435,0.011116
K,gs,3,5,20,1.000e-10,72,0.773055,0.918396,0.017655,-0.000422,-0.002052
K,gs,3,5,20,1.000e-10,73,0.773810,0.920166,0.012944,0.004115,0.000368
K,gs,3,5,20,1.000e-10,74,0.780361,0.919006,0.006173,-0.005628,-0.007045
K,gs,3,5,20,1.000e-10,75,0.777635,0.921875,-0.012827,0.005565,0.000750
K,gs,3,5,20,1.000e-10,76,0.774901,0.919922,0.001337,0.014229,0.002055
K,gs,3,5,20,1.000e-10,77,0.774062,0.921143,0.006423,-0.012340,0.010067
K,gs,3,5,20,1.000e-10,78,0.780789,0.923401,-0.001425,-0.010574,-0.012454
K,gs,3,5,20,1.000e-10,79,0.774243,0.921814,0.007796,-0.001045,0.006402
K,gs,3,5,20,1.000e-10,80,0.774420,0.919312,0.007620,-0.002763,0.006410
K,gs,3,5,20,1.000e-08,1,-15.684904,0.000000,1.000000,1.000000,1.000000
K,gs,3,5,20,1.000e-08,2,-8.882801,0.000000,1.000000,1.000000,1.000000
K,gs,3,5,20,1.000e-08,3,-2.102048,0.162292,0.999731,0.770013,0.999728
K,gs,3,5,20,1.000e-08,4,0.599258,0.857727,0.195809,0.052930,0.188450
K,gs,3,5,20,1.000e-08,5,0.778088,0.919312,-0.001376,-0.010507,0.006046
K,gs,3,5,20,1.000e-08,6,0.775261,0.918579,0.008061,-0.001173,-0.008208
K,gs,3,5,20,1.000e-08,7,0.784583,0.924438,-0.019426,-0.002840,0.000478
K,gs,3,5,20,1.000e-08,8,0.781385,0.923157,0.009165,-0.008555,-0.002237
K,gs,3,5,20,1.000e-08,9,0.779212,0.922485,-0.003290,-0.015064,0.000005
K,gs,3,5,20,1.000e-08,10,0.776858,0.920715,-0.004841,0.016358,-0.007828
K,gs,3,5,20,1.000e-08,11,0.768176,0.915466,0.010607,0.001025,0.008527
K,gs,3,5,20,1.000e-08,12,0.778947,0.920288,0.009660,-0.019245,0.005359
K,gs,3,5,20,1.000e-08,13,0.778230,0.919312,-0.005248,0.006611,-0.007885
K,gs,3,5,20,1.000e-08,14,0.777009,0.920837,-0.010958,0.003718,-0.000706
K,gs,3,5,20,1.000e-08,15,0.784914,0.924683,0.001219,0.000512,-0.004759
K,gs,3,5,20,1.000e-08,16,0.782316,0.921143,-0.009223,-0.002501,-0.001966
K,gs,3,5,20,1.000e-08,17,0.783709,0.922729,0.005091,-0.019821,-0.002381
K,gs,3,5,20,1.000e-08,18,0.773085,0.918762,-0.011793,-0.000002,0.011016
K,gs,3,5,20,1.000e-08,19,0.787305,0.927429,-0.009890,-0.008193,-0.002780
K,gs,3,5,20,1.000e-08,20,0.776448,0.919983,0.003730,-0.003955,0.003375
K,gs,3,5,20,1.000e-08,21,0.775494,0.921509,0.004059,0.003652,0.000208
K,gs,3,5,20,1.000e-08,22,0.779669,0.923523,0.004337,0.004235,-0.006937
K,gs,3,5,20,1.000e-08,23,0.783549,0.922424,-0.007800,0.003240,-0.010959
K,gs,3,5,20,1.000e-08,24,0.781195,0.921387,-0.016019,0.002612,-0.008614
K,gs,3,5,20,1.000e-08,25,0.776099,0.920532,0.010479,-0.002210,0.001994
K,gs,3,5,20,1.000e-08,26,0.776840,0.917480,-0.011835,-0.012359,0.008690
K,gs,3,5,20,1.000e-08,27,0.777828,0.920532,-0.004861,-0.003933,0.003164
K,gs,3,5,20,1.000e-08,28,0.780276,0.919495,0.002375,0.003962,-0.001401
K,gs,3,5,20,1.000e-08,29,0.772484,0.919556,0.003087,-0.000853,-0.001020
K,gs,3,5,20,1.000e-08,30,0.775522,0.918945,0.013617,-0.004287,-0.006163
K,gs,3,5,20,1.000e-08,31,0.771658,0.920593,0.004183,0.007907,-0.000705
K,gs,3,5,20,1.000e-08,32,0.774162,0.920166,-0.000283,0.002011,-0.003783
K,gs,3,5,20,1.000e-08,33,0.776663,0.920837,-0.003194,0.005658,0.008149
K,gs,3,5,20,1.000e-08,34,0.777604,0.920898,-0.009811,0.003818,0.009858
K,gs,3,5,20,1.000e-08,35,0.779874,0.923767,-0.011320,-0.001495,-0.001651
K,gs,3,5,20,1.000e-08,36,0.773238,0.921692,0.000214,0.011498,-0.002937
K,gs,3,5,20,1.000e-08,37,0.774197,0.921326,0.006584,-0.007247,0.018759
K,gs,3,5,20,1.000e-08,38,0.774106,0.919617,0.002426,-0.003227,0.009777
K,gs,3,5,20,1.000e-08,39,0.782452,0.923096,-0.017733,-0.000741,-0.006985
K,gs,3,5,20,1.000e-08,40,0.779479,0.921814,0.001822,-0.018081,0.013860
K,gs,3,5,20,1.000e-08,41,0.777279,0.921448,-0.005663,-0.001995,0.002230
K,gs,3,5,20,1.000e-08,42,0.780842,0.921753,0.003005,0.001185,-0.006321
K,gs,3,5,20,1.000e-08,43,0.769373,0.917419,0.003018,0.007339,0.012878
K,gs,3,5,20,1.000e-08,44,0.767933,0.918457,-0.001177,0.016206,0.011946
K,gs,3,5,20,1.000e-08,45,0.776175,0.917908,-0.000805,0.008460,-0.006192
K,gs,3,5,20,1.000e-08,46,0.772500,0.919128,0.011576,-0.003992,0.005227
K,gs,3,5,20,1.000e-08,47,0.783780,0.924561,-0.009750,-0.006544,-0.009407
K,gs,3,5,20,1.000e-08,48,0.777235,0.923279,0.000146,0.006679,-0.002299
K,gs,3,5,20,1.000e-08,49,0.779832,0.922241,0.006108,-0.009706,0.004050
K,gs,3,5,20,1.000e-08,50,0.776207,0.921082,0.012052,0.001236,-0.011385
K,gs,3,5,20,1.000e-08,51,0.779656,0.920471,0.001036,0.002952,-0.003121
K,gs,3,5,20,1.000e-08,52,0.777674,0.918945,-0.004713,-0.003748,0.010344
K,gs,3,5,20,1.000e-08,53,0.773790,0.919312,0.003967,-0.004610,0.005043
K,gs,3,5,20,1.000e-08,54,0.776760,0.920593,0.000459,0.007152,0.001564
K,gs,3,5,20,1.000e-08,55,0.776543,0.923950,-0.002309,-0.003555,0.005743
K,gs,3,5,20,1.000e-08,56,0.777613,0.920166,-0.000024,-0.009825,0.003460
K,gs,3,5,20,1.000e-08,57,0.773859,0.919495,-0.003329,0.011979,0.002521
K,gs,3,5,20,1.000e-08,58,0.780381,0.923340,-0.011292,0.000070,-0.008230
K,gs,3,5,20,1.000e-08,59,0.773403,0.920898,-0.003323,0.010240,0.001955
K,gs,3,5,20,1.000e-08,60,0.777453,0.920776,-0.000503,0.006474,-0.000485
K,gs,3,5,20,1.000e-08,61,0.769222,0.921326,-0.004201,0.003031,0.005034
K,gs,3,5,20,1.000e-08,62,0.784524,0.923523,-0.002391,0.007152,-0.019069
K,gs,3,5,20,1.000e-08,63,0.777306,0.919006,0.000074,-0.003670,-0.005663
K,gs,3,5,20,1.000e-08,64,0.780760,0.924194,-0.012020,0.002112,-0.005081
K,gs,3,5,20,1.000e-08,65,0.772061,0.920044,0.016759,0.002956,0.004750
K,gs,3,5,20,1.000e-08,66,0.769786,0.917480,0.004144,0.002393,0.014160
K,gs,3,5,20,1.000e-08,67,0.777825,0.924133,0.004243,0.003137,0.005852
K,gs,3,5,20,1.000e-08,68,0.774492,0.921143,-0.004097,0.012251,0.002254
K,gs,3,5,20,1.000e-08,69,0.777909,0.919983,-0.005848,0.002499,0.010118
K,gs,3,5,20,1.000e-08,70,0.779478,0.920959,-0.007548,0.004160,0.007973
K,gs,3,5,20,1.000e-08,71,0.776837,0.919617,-0.002906,0.001183,0.005145
K,gs,3,5,20,1.000e-08,72,0.771865,0.918457,0.007851,-0.002700,-0.000540
K,gs,3,5,20,1.000e-08,73,0.778278,0.923828,-0.004692,-0.003444,0.006829
K,gs,3,5,20,1.000e-08,74,0.775091,0.921936,-0.005568,0.002933,-0.003744
K,gs,3,5,20,1.000e-08,75,0.779447,0.920471,-0.003617,-0.013791,0.001645
K,gs,3,5,20,1.000e-08,76,0.778786,0.921326,0.003109,-0.012154,0.000563
K,gs,3,5,20,1.000e-08,77,0.779374,0.920593,0.005838,-0.005033,-0.005630
K,gs,3,5,20,1.000e-08,78,0.775677,0.920898,-0.009014,0.014254,-0.006367
K,gs,3,5,20,1.000e-08,79,0.777229,0.918579,-0.001897,0.003342,-0.005087
K,gs,3,5,20,1.000e-08,80,0.769608,0.917786,0.003134,0.002097,0.018737
K,gs,3,5,20,1.000e-06,1,-11.079734,0.000000,1.000000,1.000000,1.000000
K,gs,3,5,20,1.000e-06,2,-4.277672,0.000000,0.999999,0.998518,0.999999
K,gs,3,5,20,1.000e-06,3,0.338522,0.765991,0.497793,0.075043,0.498313
K,gs,3,5,20,1.000e-06,4,0.762847,0.914612,0.015968,0.021849,0.023418
K,gs,3,5,20,1.000e-06,5,0.778720,0.920776,-0.012660,0.005125,-0.014372
K,gs,3,5,20,1.000e-06,6,0.773172,0.920349,-0.001728,-0.000321,0.002035
K,gs,3,5,20,1.000e-06,7,0.775521,0.921692,-0.006543,0.001691,0.011741
K,gs,3,5,20,1.000e-06,8,0.765829,0.916748,0.014963,0.013455,0.017312
K,gs,3,5,20,1.000e-06,9,0.780520,0.922119,-0.009974,0.000507,-0.009054
K,gs,3,5,20,1.000e-06,10,0.773270,0.921326,0.005287,-0.003851,0.000649
K,gs,3,5,20,1.000e-06,11,0.776634,0.920349,0.013302,-0.002979,0.003178
K,gs,3,5,20,1.000e-06,12,0.776217,0.920898,0.009623,-0.010613,0.013545
K,gs,3,5,20,1.000e-06,13,0.771555,0.916931,-0.005924,0.003076,-0.001569
K,gs,3,5,20,1.000e-06,14,0.772494,0.916382,0.013780,0.005781,-0.007193
K,gs,3,5,20,1.000e-06,15,0.773601,0.918701,0.002804,-0.001942,0.005101
K,gs,3,5,20,1.000e-06,16,0.777890,0.922241,0.007459,-0.010723,0.004832
K,gs,3,5,20,1.000e-06,17,0.774277,0.918213,-0.002678,0.008547,-0.003600
K,gs,3,5,20,1.000e-06,18,0.776050,0.920044,0.007873,-0.005341,0.003318
K,gs,3,5,20,1.000e-06,19,0.772072,0.918823,0.019559,0.017033,-0.010482
K,gs,3,5,20,1.000e-06,20,0.774157,0.921509,0.004843,0.001786,-0.001546
K,gs,3,5,20,1.000e-06,21,0.776819,0.919006,0.002291,0.003764,-0.008601
K,gs,3,5,20,1.000e-06,22,0.776602,0.919312,-0.006147,-0.011424,0.000112
K,gs,3,5,20,1.000e-06,23,0.773852,0.921326,0.009179,0.004414,0.002581
K,gs,3,5,20,1.000e-06,24,0.780638,0.923462,0.003376,-0.003660,0.000915
K,gs,3,5,20,1.000e-06,25,0.780428,0.919800,-0.005888,0.005185,-0.005826
K,gs,3,5,20,1.000e-06,26,0.782714,0.924744,-0.007389,-0.011762,-0.000856
K,gs,3,5,20,1.000e-06,27,0.775185,0.919067,0.000354,0.002846,0.003836
K,gs,3,5,20,1.000e-06,28,0.781145,0.922058,-0.001646,-0.000785,-0.005440
K,gs,3,5,20,1.000e-06,29,0.772085,0.917786,0.001143,0.000275,0.014947
K,gs,3,5,20,1.000e-06,30,0.772624,0.918884,-0.000407,0.015744,0.000069
K,gs,3,5,20,1.000e-06,31,0.774743,0.921936,0.002238,-0.003172,0.006807
K,gs,3,5,20,1.000e-06,32,0.775816,0.918335,-0.008536,0.008020,-0.010029
K,gs,3,5,20,1.000e-06,33,0.768264,0.915588,0.005105,0.015849,0.004382
K,gs,3,5,20,1.000e-06,34,0.770976,0.918030,0.013064,0.006929,-0.004105
K,gs,3,5,20,1.000e-06,35,0.774817,0.918579,0.003074,-0.004380,-0.000854
K,gs,3,5,20,1.000e-06,36,0.766510,0.916016,-0.002461,-0.002558,0.000570
K,gs,3,5,20,1.000e-06,37,0.772345,0.919006,0.012637,0.008375,-0.000739
K,gs,3,5,20,1.000e-06,38,0.781006,0.921875,-0.003986,-0.010087,-0.008551
K,gs,3,5,20,1.000e-06,39,0.777821,0.920898,-0.012327,-0.001032,-0.003109
K,gs,3,5,20,1.000e-06,40,0.775241,0.921936,0.008732,-0.003385,0.008310
K,gs,3,5,20,1.000e-06,41,0.780345,0.926208,-0.010305,-0.010543,0.016115
K,gs,3,5,20,1.000e-06,42,0.788905,0.924194,-0.014287,0.001526,-0.014067
K,gs,3,5,20,1.000e-06,43,0.773274,0.920776,0.007611,0.007797,-0.002779
K,gs,3,5,20,1.000e-06,44,0.773847,0.921814,0.004943,0.013949,0.009698
K,gs,3,5,20,1.000e-06,45,0.775990,0.917969,0.006691,-0.002334,-0.009619
K,gs,3,5,20,1.000e-06,46,0.784905,0.923523,-0.005719,-0.020373,-0.005897
K,gs,3,5,20,1.000e-06,47,0.782035,0.921204,-0.006813,-0.005442,-0.005644
K,gs,3,5,20,1.000e-06,48,0.776811,0.920532,0.000250,-0.003246,0.005429
K,gs,3,5,20,1.000e-06,49,0.786957,0.925293,-0.006464,-0.011743,-0.012750
K,gs,3,5,20,1.000e-06,50,0.770870,0.917236,0.006898,-0.003301,0.006094
K,gs,3,5,20,1.000e-06,51,0.777627,0.922546,0.001532,-0.001014,0.004009
K,gs,3,5,20,1.000e-06,52,0.775481,0.920166,-0.005710,0.003748,0.015406
K,gs,3,5,20,1.000e-06,53,0.771058,0.919617,0.006011,0.002381,0.015919
K,gs,3,5,20,1.000e-06,54,0.781868,0.923401,-0.011437,-0.009666,0.007035
K,gs,3,5,20,1.000e-06,55,0.781864,0.921448,-0.005706,-0.010554,-0.007685
K,gs,3,5,20,1.000e-06,56,0.774640,0.921631,0.009002,0.004912,-0.000984
K,gs,3,5,20,1.000e-06,57,0.781662,0.922302,-0.002138,-0.003947,-0.003138
K,gs,3,5,20,1.000e-06,58,0.779478,0.922485,-0.002698,-0.011513,0.006146
K,gs,3,5,20,1.000e-06,59,0.775863,0.921509,0.010298,-0.008870,0.006499
K,gs,3,5,20,1.000e-06,60,0.781647,0.923645,-0.004074,-0.002374,0.007332
K,gs,3,5,20,1.000e-06,61,0.786454,0.924255,-0.008739,-0.019009,0.001727
K,gs,3,5,20,1.000e-06,62,0.772238,0.916870,-0.001164,-0.003051,0.008953
K,gs,3,5,20,1.000e-06,63,0.778610,0.921143,-0.006250,-0.001121,-0.003236
K,gs,3,5,20,1.000e-06,64,0.775741,0.920654,0.002515,-0.004881,0.006660
K,gs,3,5,20,1.000e-06,65,0.780533,0.918701,-0.004129,-0.002550,-0.015240
K,gs,3,5,20,1.000e-06,66,0.772549,0.918335,0.003616,0.001617,0.002869
K,gs,3,5,20,1.000e-06,67,0.771331,0.918152,-0.001655,-0.005725,0.011441
K,gs,3,5,20,1.000e-06,68,0.774721,0.921082,-0.011073,0.009846,0.004168
K,gs,3,5,20,1.000e-06,69,0.771354,0.919128,0.002027,0.008378,0.001896
K,gs,3,5,20,1.000e-06,70,0.772841,0.918091,-0.004102,0.001951,0.004587
K,gs,3,5,20,1.000e-06,71,0.781847,0.923950,-0.006920,-0.000860,-0.007596
K,gs,3,5,20,1.000e-06,72,0.770277,0.919678,0.011986,0.016133,0.007116
K,gs,3,5,20,1.000e-06,73,0.783554,0.921814,-0.005727,-0.013156,-0.004346
K,gs,3,5,20,1.000e-06,74,0.770756,0.917908,0.004117,0.019561,-0.007122
K,gs,3,5,20,1.000e-06,75,0.777305,0.919067,-0.001725,0.006165,-0.003927
K,gs,3,5,20,1.000e-06,76,0.782132,0.924500,-0.017088,0.006218,-0.004122
K,gs,3,5,20,1.000e-06,77,0.774029,0.919800,-0.001375,0.000189,0.009955
K,gs,3,5,20,1.000e-06,78,0.773796,0.919312,-0.004545,0.013665,0.000335
K,gs,3,5,20,1.000e-06,79,0.781895,0.922180,-0.003419,-0.005884,-0.005904
K,gs,3,5,20,1.000e-06,80,0.778928,0.921448,-0.009060,0.000658,0.006787
K,gs,3,5,20,1.000e-04,1,-6.474563,0.000000,1.000000,0.999996,1.000000
K,gs,3,5,20,1.000e-04,2,-0.296115,0.532837,0.991801,0.234112,0.991961
K,gs,3,5,20,1.000e-04,3,0.747129,0.911682,0.038326,0.004721,0.043516
K,gs,3,5,20,1.000e-04,4,0.770197,0.918335,0.001221,0.006494,0.013083
K,gs,3,5,20,1.000e-04,5,0.783638,0.924377,-0.008441,-0.006002,-0.010271
K,gs,3,5,20,1.000e-04,6,0.775847,0.920349,-0.009832,0.004478,0.004679
K,gs,3,5,20,1.000e-04,7,0.780562,0.923584,-0.003202,-0.003921,-0.008629
K,gs,3,5,20,1.000e-04,8,0.778731,0.921692,0.016427,-0.001973,-0.006869
K,gs,3,5,20,1.000e-04,9,0.784003,0.923828,0.001659,-0.002685,-0.004645
K,gs,3,5,20,1.000e-04,10,0.776544,0.919067,-0.003170,0.002379,-0.000333
K,gs,3,5,20,1.000e-04,11,0.779100,0.921265,0.008156,-0.008738,-0.013608
K,gs,3,5,20,1.000e-04,12,0.775663,0.918457,-0.002437,0.010271,-0.005328
K,gs,3,5,20,1.000e-04,13,0.773470,0.919983,-0.003553,0.001044,0.009979
K,gs,3,5,20,1.000e-04,14,0.784104,0.924316,-0.005280,-0.011803,-0.021637
K,gs,3,5,20,1.000e-04,15,0.771944,0.918579,0.007562,0.005765,0.010786
K,gs,3,5,20,1.000e-04,16,0.763539,0.915039,0.009529,0.002254,0.023339
K,gs,3,5,20,1.000e-04,17,0.775094,0.919189,0.000165,0.001873,-0.013391
K,gs,3,5,20,1.000e-04,18,0.773222,0.920776,0.001624,0.015542,0.003974
K,gs,3,5,20,1.000e-04,19,0.780678,0.922363,-0.008673,-0.007219,-0.002981
K,gs,3,5,20,1.000e-04,20,0.770565,0.922424,0.008259,0.004833,0.007256
K,gs,3,5,20,1.000e-04,21,0.783059,0.924744,-0.009329,-0.001571,-0.008187
K,gs,3,5,20,1.000e-04,22,0.777660,0.920959,0.006367,-0.006488,-0.001906
K,gs,3,5,20,1.000e-04,23,0.785694,0.924805,-0.000314,-0.006222,0.002844
K,gs,3,5,20,1.000e-04,24,0.773135,0.918091,0.007607,0.004685,-0.000967
K,gs,3,5,20,1.000e-04,25,0.778882,0.921509,0.003472,-0.001454,-0.001911
K,gs,3,5,20,1.000e-04,26,0.780017,0.919556,-0.009878,-0.004957,-0.008348
K,gs,3,5,20,1.000e-04,27,0.776688,0.921692,0.000553,0.014660,0.002677
K,gs,3,5,20,1.000e-04,28,0.777239,0.922363,-0.003730,0.000834,-0.005257
K,gs,3,5,20,1.000e-04,29,0.773263,0.922180,-0.006699,0.013488,0.001035
K,gs,3,5,20,1.000e-04,30,0.773291,0.918396,-0.002952,0.003860,-0.001176
K,gs,3,5,20,1.000e-04,31,0.777534,0.919861,0.001866,-0.014767,-0.001639
K,gs,3,5,20,1.000e-04,32,0.772614,0.918274,0.003598,0.006621,0.001050
K,gs,3,5,20,1.000e-04,33,0.774679,0.920959,0.002223,0.007777,0.015037
K,gs,3,5,20,1.000e-04,34,0.774336,0.920532,0.008143,0.008760,0.000379
K,gs,3,5,20,1.000e-04,35,0.779695,0.922668,0.004435,-0.007018,-0.003517
K,gs,3,5,20,1.000e-04,36,0.786201,0.923218,-0.011591,-0.015168,-0.008956
K,gs,3,5,20,1.000e-04,37,0.783561,0.925354,0.004151,0.001369,-0.001489
K,gs,3,5,20,1.000e-04,38,0.777811,0.920105,-0.000766,0.015842,-0.015519
K,gs,3,5,20,1.000e-04,39,0.774076,0.920166,0.008272,0.004601,0.000162
K,gs,3,5,20,1.000e-04,40,0.780653,0.923096,-0.001356,0.005066,-0.003260
K,gs,3,5,20,1.000e-04,41,0.780316,0.922852,-0.013528,-0.001076,-0.002593
K,gs,3,5,20,1.000e-04,42,0.778944,0.922913,-0.000182,-0.001937,-0.006775
K,gs,3,5,20,1.000e-04,43,0.787722,0.924988,-0.013142,-0.002680,-0.010762
K,gs,3,5,20,1.000e-04,44,0.779503,0.922791,-0.007956,-0.002612,0.001122
K,gs,3,5,20,1.000e-04,45,0.777734,0.920959,0.003232,-0.004605,-0.003206
K,gs,3,5,20,1.000e-04,46,0.773287,0.920288,0.009364,-0.007091,0.021975
K,gs,3,5,20,1.000e-04,47,0.776143,0.922363,0.014361,0.008607,-0.009046
K,gs,3,5,20,1.000e-04,48,0.781632,0.922302,-0.008880,-0.012893,-0.000527
K,gs,3,5,20,1.000e-04,49,0.780190,0.923157,-0.012254,-0.007598,0.005541
K,gs,3,5,20,1.000e-04,50,0.780989,0.922913,-0.014498,0.007761,0.002953
K,gs,3,5,20,1.000e-04,51,0.783166,0.922668,-0.002889,-0.004357,-0.008558
K,gs,3,5,20,1.000e-04,52,0.779263,0.921997,0.004581,-0.001683,-0.006081
K,gs,3,5,20,1.000e-04,53,0.777913,0.918640,-0.009161,0.012007,-0.002070
K,gs,3,5,20,1.000e-04,54,0.778110,0.923218,0.005035,0.012370,-0.006771
K,gs,3,5,20,1.000e-04,55,0.774470,0.921448,0.004589,-0.002936,0.001636
K,gs,3,5,20,1.000e-04,56,0.776415,0.919983,-0.006243,0.013438,0.001693
K,gs,3,5,20,1.000e-04,57,0.776427,0.919617,-0.009685,-0.004251,0.007339
K,gs,3,5,20,1.000e-04,58,0.775196,0.920349,-0.000517,0.004022,0.000170
K,gs,3,5,20,1.000e-04,59,0.777936,0.920593,-0.006427,-0.003642,-0.003939
K,gs,3,5,20,1.000e-04,60,0.769510,0.917847,-0.000102,-0.002037,0.015188
K,gs,3,5,20,1.000e-04,61,0.778567,0.920959,-0.006311,0.007729,-0.004950
K,gs,3,5,20,1.000e-04,62,0.784663,0.924866,-0.006369,-0.005413,-0.010405
K,gs,3,5,20,1.000e-04,63,0.773870,0.919617,-0.007167,0.002983,0.010796
K,gs,3,5,20,1.000e-04,64,0.778278,0.922668,0.012830,-0.004571,0.000540
K,gs,3,5,20,1.000e-04,65,0.779345,0.922119,0.002518,-0.004674,-0.002984
K,gs,3,5,20,1.000e-04,66,0.776250,0.921631,0.000758,-0.000189,0.008676
K,gs,3,5,20,1.000e-04,67,0.780508,0.923340,-0.007573,0.000639,-0.000487
K,gs,3,5,20,1.000e-04,68,0.785172,0.922058,0.001347,-0.012917,-0.013698
K,gs,3,5,20,1.000e-04,69,0.774035,0.918823,-0.010751,0.016630,-0.000103
K,gs,3,5,20,1.000e-04,70,0.771069,0.914307,0.020660,-0.011592,0.000282
K,gs,3,5,20,1.000e-04,71,0.766822,0.918213,0.004905,0.011979,-0.000550
K,gs,3,5,20,1.000e-04,72,0.780833,0.923645,-0.001185,-0.008211,-0.000029
K,gs,3,5,20,1.000e-04,73,0.774121,0.917969,0.007113,-0.000562,-0.001346
K,gs,3,5,20,1.000e-04,74,0.776578,0.922180,0.006238,-0.000356,0.003718
K,gs,3,5,20,1.000e-04,75,0.778938,0.921082,-0.007423,0.003286,-0.013762
K,gs,3,5,20,1.000e-04,76,0.780126,0.921509,-0.007840,0.004584,0.000695
K,gs,3,5,20,1.000e-04,77,0.777852,0.920349,-0.003349,0.012357,-0.011017
K,gs,3,5,20,1.000e-04,78,0.778030,0.920593,-0.009438,0.000279,-0.001533
K,gs,3,5,20,1.000e-04,79,0.785203,0.924255,0.000251,-0.014503,-0.013297
K,gs,3,5,20,1.000e-04,80,0.776599,0.920105,-0.006421,0.008501,0.004175
K,gs,3,5,20,1.000e-02,1,-1.869339,0.000000,0.999975,0.956499,0.999975
K,gs,3,5,20,1.000e-02,2,0.722268,0.899109,0.060997,0.039126,0.068176
K,gs,3,5,20,1.000e-02,3,0.777870,0.920715,0.009554,-0.007266,-0.011090
K,gs,3,5,20,1.000e-02,4,0.778571,0.921875,-0.004218,-0.000349,-0.000390
K,gs,3,5,20,1.000e-02,5,0.772860,0.919983,0.005708,0.005810,-0.005762
K,gs,3,5,20,1.000e-02,6,0.774053,0.918091,0.004672,-0.000075,0.008057
K,gs,3,5,20,1.000e-02,7,0.781154,0.925537,0.002870,0.000597,-0.001856
K,gs,3,5,20,1.000e-02,8,0.772208,0.917542,0.000145,-0.002476,0.015208
K,gs,3,5,20,1.000e-02,9,0.780921,0.923096,0.006974,-0.006620,-0.006006
K,gs,3,5,20,1.000e-02,10,0.778683,0.922180,-0.006791,-0.000006,0.010070
K,gs,3,5,20,1.000e-02,11,0.771062,0.921326,-0.007797,0.007174,0.009203
K,gs,3,5,20,1.000e-02,12,0.775418,0.919678,-0.001135,0.009869,-0.005678
K,gs,3,5,20,1.000e-02,13,0.780692,0.919312,-0.009097,-0.000001,-0.007575
K,gs,3,5,20,1.000e-02,14,0.771620,0.916931,0.004776,0.001855,0.001588
K,gs,3,5,20,1.000e-02,15,0.768912,0.917297,-0.000916,0.010367,0.013124
K,gs,3,5,20,1.000e-02,16,0.775521,0.919800,0.000811,0.003270,-0.004761
K,gs,3,5,20,1.000e-02,17,0.777375,0.922180,0.011056,0.001705,-0.004599
K,gs,3,5,20,1.000e-02,18,0.780451,0.922791,-0.019787,-0.006718,0.006208
K,gs,3,5,20,1.000e-02,19,0.778516,0.920288,-0.001218,-0.006927,0.001629
K,gs,3,5,20,1.000e-02,20,0.780372,0.923218,-0.007699,-0.005564,0.008922
K,gs,3,5,20,1.000e-02,21,0.778516,0.921021,0.009873,0.002273,-0.012229
K,gs,3,5,20,1.000e-02,22,0.775748,0.920715,-0.007884,0.002695,0.005904
K,gs,3,5,20,1.000e-02,23,0.778121,0.922974,0.003816,0.006147,-0.011096
K,gs,3,5,20,1.000e-02,24,0.773188,0.922668,0.006310,0.007408,0.001631
K,gs,3,5,20,1.000e-02,25,0.778972,0.919128,-0.009964,-0.003912,0.001979
K,gs,3,5,20,1.000e-02,26,0.781528,0.923035,-0.009758,-0.007697,0.000514
K,gs,3,5,20,1.000e-02,27,0.780660,0.921204,-0.013975,-0.011799,0.004873
K,gs,3,5,20,1.000e-02,28,0.769735,0.915710,-0.001058,-0.000633,0.012414
K,gs,3,5,20,1.000e-02,29,0.784257,0.924988,-0.022321,-0.010318,0.001571
K,gs,3,5,20,1.000e-02,30,0.775526,0.920471,0.000328,-0.000566,0.012056
K,gs,3,5,20,1.000e-02,31,0.774754,0.918396,0.000770,0.007556,-0.005343
K,gs,3,5,20,1.000e-02,32,0.780649,0.921753,-0.011377,-0.001693,0.001727
K,gs,3,5,20,1.000e-02,33,0.780276,0.922302,-0.011992,0.001548,0.004318
K,gs,3,5,20,1.000e-02,34,0.777280,0.920471,-0.015822,0.008747,-0.009158
K,gs,3,5,20,1.000e-02,35,0.783360,0.924377,-0.000083,-0.011328,-0.004108
K,gs,3,5,20,1.000e-02,36,0.778168,0.918701,-0.010750,0.008296,-0.002285
K,gs,3,5,20,1.000e-02,37,0.771874,0.917053,0.009634,0.012874,0.002540
K,gs,3,5,20,1.000e-02,38,0.776935,0.920471,-0.004373,0.004526,-0.008789
K,gs,3,5,20,1.000e-02,39,0.777178,0.919861,-0.004314,-0.000754,-0.004749
K,gs,3,5,20,1.000e-02,40,0.776683,0.920776,-0.001661,-0.004990,-0.007496
K,gs,3,5,20,1.000e-02,41,0.783733,0.922607,-0.009198,-0.002456,-0.012545
K,gs,3,5,20,1.000e-02,42,0.772338,0.916626,0.020484,-0.006149,0.003797
K,gs,3,5,20,1.000e-02,43,0.775342,0.919128,-0.000062,0.000503,0.001359
K,gs,3,5,20,1.000e-02,44,0.774587,0.918823,0.003987,-0.006754,0.003272
K,gs,3,5,20,1.000e-02,45,0.770701,0.917053,0.013093,0.007631,0.006594
K,gs,3,5,20,1.000e-02,46,0.771906,0.916931,0.010152,-0.000351,0.002554
K,gs,3,5,20,1.000e-02,47,0.788029,0.922791,-0.011342,-0.013202,-0.014729
K,gs,3,5,20,1.000e-02,48,0.768566,0.916077,0.005410,0.016645,-0.003220
K,gs,3,5,20,1.000e-02,49,0.775880,0.919861,-0.000504,0.006297,0.004781
K,gs,3,5,20,1.000e-02,50,0.776214,0.919556,0.006398,0.005358,-0.001791
K,gs,3,5,20,1.000e-02,51,0.779230,0.922913,-0.002593,-0.003723,-0.002480
K,gs,3,5,20,1.000e-02,52,0.783971,0.922241,-0.005907,-0.001092,-0.008949
K,gs,3,5,20,1.000e-02,53,0.773383,0.918335,-0.000355,0.001465,-0.002676
K,gs,3,5,20,1.000e-02,54,0.780435,0.923218,-0.009824,0.009481,-0.000794
K,gs,3,5,20,1.000e-02,55,0.779707,0.922729,0.001288,-0.003056,-0.004479
K,gs,3,5,20,1.000e-02,56,0.770604,0.918823,-0.003485,0.005814,0.008981
K,gs,3,5,20,1.000e-02,57,0.775207,0.920715,-0.009612,0.013356,0.004364
K,gs,3,5,20,1.000e-02,58,0.779821,0.924622,0.013925,-0.006813,-0.013132
K,gs,3,5,20,1.000e-02,59,0.778708,0.923828,-0.000290,0.002262,0.000672
K,gs,3,5,20,1.000e-02,60,0.784187,0.923401,-0.009387,-0.010767,-0.006799
K,gs,3,5,20,1.000e-02,61,0.779434,0.922485,0.001432,-0.000210,-0.004957
K,gs,3,5,20,1.000e-02,62,0.775124,0.918152,-0.007123,0.007973,0.007933
K,gs,3,5,20,1.000e-02,63,0.774955,0.919983,-0.005602,0.010740,0.000084
K,gs,3,5,20,1.000e-02,64,0.782803,0.921021,0.000447,-0.014285,-0.006350
K,gs,3,5,20,1.000e-02,65,0.772200,0.918823,0.003323,-0.000030,0.011176
K,gs,3,5,20,1.000e-02,66,0.777715,0.920715,0.004757,0.005157,0.002299
K,gs,3,5,20,1.000e-02,67,0.777744,0.919495,0.001138,-0.006505,-0.009478
K,gs,3,5,20,1.000e-02,68,0.777285,0.918640,-0.008189,0.000411,-0.001906
K,gs,3,5,20,1.000e-02,69,0.780363,0.921631,-0.014564,-0.006814,-0.002443
K,gs,3,5,20,1.000e-02,70,0.778536,0.920654,-0.004212,-0.011572,0.004300
K,gs,3,5,20,1.000e-02,71,0.774938,0.919067,0.003198,-0.002019,0.000835
K,gs,3,5,20,1.000e-02,72,0.778308,0.924438,-0.014981,-0.000525,0.011849
K,gs,3,5,20,1.000e-02,73,0.773951,0.919617,0.004250,0.012280,-0.000405
K,gs,3,5,20,1.000e-02,74,0.771404,0.918274,-0.003712,0.011247,-0.008345
K,gs,3,5,20,1.000e-02,75,0.775842,0.918701,0.002775,-0.002828,0.011591
K,gs,3,5,20,1.000e-02,76,0.775970,0.918274,-0.010207,0.005038,0.006707
K,gs,3,5,20,1.000e-02,77,0.775338,0.921631,0.001218,0.005546,-0.008891
K,gs,3,5,20,1.000e-02,78,0.770767,0.917358,0.004824,0.017509,-0.003317
K,gs,3,5,20,1.000e-02,79,0.775596,0.918396,-0.003163,0.002323,0.000436
K,gs,3,5,20,1.000e-02,80,0.771237,0.919861,0.010113,-0.002332,0.007157
K,gs,3,5,20,1.000e-01,1,0.068416,0.639099,0.997500,0.072943,0.997504
K,gs,3,5,20,1.000e-01,2,0.764815,0.916626,0.038088,-0.001700,0.027222
K,gs,3,5,20,1.000e-01,3,0.778252,0.921692,0.006067,-0.002835,0.001855
K,gs,3,5,20,1.000e-01,4,0.771982,0.918762,0.003884,0.005461,-0.000371
K,gs,3,5,20,1.000e-01,5,0.774861,0.922791,0.004896,0.019146,0.001235
K,gs,3,5,20,1.000e-01,6,0.771381,0.918152,0.002942,0.012457,0.013865
K,gs,3,5,20,1.000e-01,7,0.771469,0.918945,0.013535,0.007308,0.003209
K,gs,3,5,20,1.000e-01,8,0.779561,0.921692,-0.000190,-0.000439,-0.006816
K,gs,3,5,20,1.000e-01,9,0.779820,0.920654,0.003405,-0.000612,-0.010170
K,gs,3,5,20,1.000e-01,10,0.771767,0.916199,-0.003694,0.001953,0.010830
K,gs,3,5,20,1.000e-01,11,0.776880,0.919006,-0.001861,0.000909,-0.007806
K,gs,3,5,20,1.000e-01,12,0.775817,0.921326,-0.006794,0.011323,-0.003977
K,gs,3,5,20,1.000e-01,13,0.769062,0.918457,0.011515,0.002433,0.009849
K,gs,3,5,20,1.000e-01,14,0.773775,0.920776,-0.001960,0.003577,0.001205
K,gs,3,5,20,1.000e-01,15,0.779022,0.919189,0.000679,-0.025813,-0.007688
K,gs,3,5,20,1.000e-01,16,0.774989,0.920898,0.001225,0.001211,0.003004
K,gs,3,5,20,1.000e-01,17,0.779502,0.920288,-0.006702,-0.011374,0.003279
K,gs,3,5,20,1.000e-01,18,0.784058,0.924561,-0.014628,-0.011653,0.003165
K,gs,3,5,20,1.000e-01,19,0.773971,0.919922,-0.003470,0.021281,-0.005559
K,gs,3,5,20,1.000e-01,20,0.781204,0.922913,-0.014256,0.001311,-0.002716
K,gs,3,5,20,1.000e-01,21,0.781380,0.921875,-0.006434,0.006565,0.002847
K,gs,3,5,20,1.000e-01,22,0.776223,0.920227,-0.004677,0.009695,-0.008504
K,gs,3,5,20,1.000e-01,23,0.776479,0.920776,0.001716,-0.000192,-0.004598
K,gs,3,5,20,1.000e-01,24,0.777393,0.919434,0.015904,-0.006320,-0.000953
K,gs,3,5,20,1.000e-01,25,0.771026,0.916931,0.004997,-0.001992,0.006383
K,gs,3,5,20,1.000e-01,26,0.774423,0.918457,-0.001142,0.003338,-0.001017
K,gs,3,5,20,1.000e-01,27,0.774273,0.922729,0.007646,-0.008359,0.012194
K,gs,3,5,20,1.000e-01,28,0.782318,0.923462,-0.004774,-0.003940,-0.004847
K,gs,3,5,20,1.000e-01,29,0.776889,0.921570,-0.001999,-0.006488,0.002053
K,gs,3,5,20,1.000e-01,30,0.777747,0.921021,0.007728,0.000926,-0.004073
K,gs,3,5,20,1.000e-01,31,0.768329,0.914185,0.014191,0.009029,-0.003815
K,gs,3,5,20,1.000e-01,32,0.782951,0.925537,-0.004552,-0.012166,-0.006831
K,gs,3,5,20,1.000e-01,33,0.775513,0.919189,0.016512,-0.000531,-0.009044
K,gs,3,5,20,1.000e-01,34,0.790700,0.925659,-0.014592,-0.011867,-0.010006
K,gs,3,5,20,1.000e-01,35,0.781105,0.922607,-0.005614,0.002053,-0.010108
K,gs,3,5,20,1.000e-01,36,0.773076,0.918335,0.003787,0.006123,-0.000969
K,gs,3,5,20,1.000e-01,37,0.779639,0.925293,-0.005252,0.006078,-0.000522
K,gs,3,5,20,1.000e-01,38,0.775584,0.916809,-0.001922,-0.011723,-0.012848
K,gs,3,5,20,1.000e-01,39,0.776783,0.917358,-0.017450,-0.001450,0.009098
K,gs,3,5,20,1.000e-01,40,0.773674,0.919739,-0.001541,0.011701,0.001982
K,gs,3,5,20,1.000e-01,41,0.776504,0.921509,0.004430,-0.010577,0.006843
K,gs,3,5,20,1.000e-01,42,0.774284,0.918762,0.006114,-0.002096,0.002103
K,gs,3,5,20,1.000e-01,43,0.775855,0.917969,-0.007900,-0.002678,-0.000222
K,gs,3,5,20,1.000e-01,44,0.780717,0.923401,0.000889,-0.004005,-0.000597
K,gs,3,5,20,1.000e-01,45,0.780855,0.921692,0.001333,-0.006975,-0.003850
K,gs,3,5,20,1.000e-01,46,0.780484,0.922485,0.000141,0.002169,-0.009387
K,gs,3,5,20,1.000e-01,47,0.775551,0.920288,0.004828,0.000239,-0.004173
K,gs,3,5,20,1.000e-01,48,0.781468,0.922913,0.011454,-0.009929,0.006802
K,gs,3,5,20,1.000e-01,49,0.777866,0.919922,0.004401,-0.005160,-0.007903
K,gs,3,5,20,1.000e-01,50,0.784545,0.923157,0.001114,0.000451,-0.024209
K,gs,3,5,20,1.000e-01,51,0.771047,0.917236,-0.000573,0.002326,0.014453
K,gs,3,5,20,1.000e-01,52,0.774014,0.921143,0.001402,0.001020,0.016521
K,gs,3,5,20,1.000e-01,53,0.780130,0.920532,-0.009095,-0.004823,-0.005958
K,gs,3,5,20,1.000e-01,54,0.772987,0.920898,0.008189,-0.005993,0.009470
K,gs,3,5,20,1.000e-01,55,0.769916,0.918640,0.001186,0.005596,-0.002670
K,gs,3,5,20,1.000e-01,56,0.775399,0.918396,0.001480,0.003050,-0.001306
K,gs,3,5,20,1.000e-01,57,0.779650,0.922913,-0.006575,-0.002558,0.011640
K,gs,3,5,20,1.000e-01,58,0.777500,0.919373,0.010025,-0.004823,0.002375
K,gs,3,5,20,1.000e-01,59,0.778993,0.921082,-0.007756,0.003000,0.001605
K,gs,3,5,20,1.000e-01,60,0.775991,0.921448,-0.001213,0.003210,-0.008407
K,gs,3,5,20,1.000e-01,61,0.771550,0.917542,-0.002164,0.004421,0.007977
K,gs,3,5,20,1.000e-01,62,0.774766,0.918701,0.008299,-0.004187,0.004570
K,gs,3,5,20,1.000e-01,63,0.773629,0.915833,0.009692,0.015844,-0.024064
K,gs,3,5,20,1.000e-01,64,0.778687,0.920227,-0.008919,-0.001853,-0.000176
K,gs,3,5,20,1.000e-01,65,0.776310,0.919800,-0.008494,-0.000442,0.006741
K,gs,3,5,20,1.000e-01,66,0.778856,0.919861,-0.005798,-0.001818,-0.004047
K,gs,3,5,20,1.000e-01,67,0.781775,0.921082,0.004609,-0.014610,-0.004624
K,gs,3,5,20,1.000e-01,68,0.773482,0.919434,0.017888,-0.002311,-0.004742
K,gs,3,5,20,1.000e-01,69,0.778404,0.921814,-0.013293,0.008137,0.011764
K,gs,3,5,20,1.000e-01,70,0.778779,0.921143,-0.001696,-0.003767,-0.007295
K,gs,3,5,20,1.000e-01,71,0.774020,0.921692,0.004017,0.003386,-0.000865
K,gs,3,5,20,1.000e-01,72,0.780190,0.921509,0.000621,-0.001763,-0.007832
K,gs,3,5,20,1.000e-01,73,0.784309,0.922913,-0.002617,-0.010874,-0.004526
K,gs,3,5,20,1.000e-01,74,0.771272,0.920044,0.009849,0.009440,-0.002848
K,gs,3,5,20,1.000e-01,75,0.771146,0.918274,-0.002871,0.003248,0.015527
K,gs,3,5,20,1.000e-01,76,0.780967,0.920410,-0.007939,-0.009986,0.004767
K,gs,3,5,20,1.000e-01,77,0.776871,0.922729,0.003445,-0.003822,0.006979
K,gs,3,5,20,1.000e-01,78,0.777650,0.922913,0.014236,-0.010314,0.004193
K,gs,3,5,20,1.000e-01,79,0.774442,0.921204,0.009307,0.001078,0.006501
K,gs,3,5,20,1.000e-01,80,0.774560,0.918884,-0.004765,0.008947,-0.005982
