file,family,p,q,K,param,mode,lambda1,inv_lambda1,growth_slope_mean,growth_over_lambda_min,growth_over_lambda_max,n_growth,slope_t_dec,ratio_slope_tdec_x_lambda,intercept_t_dec,t0_fixed_slope,slope_t_sat,mean_tdec_minus_tsat,n_points,base_far_tail,base_acf_decay_lag,base_nonmixing,tdec_list,delta_list,n_seeds,burnin
res_henon_a1.28_K_summary.csv,henon,3,5,0.01,1.28,K,0.28015,3.569516330537212,0.27425000000000005,0.9513117972514725,1.0581831161877564,6,4.434573659706808,1.2423458107668621,40.25806528260072,54.610476530430134,4.222779459706164,48.333333333333336,6,0.01146,78,0,159 149 120 104 81 70,1.000e-12 1.000e-10 1.000e-08 1.000e-06 1.000e-04 1.000e-03,16384,10000
res_henon_a1.28_param_summary.csv,henon,3,5,0.01,1.28,param,0.28015,3.569516330537212,0.2787928571428572,0.9497055149027307,1.1056933785472067,7,3.6707652086550837,1.0283648732047217,56.4610196927681,57.996863924938175,4.234015321342407,52.857142857142854,7,0.01146,78,0,162 142 124 108 86 80 83,1.000e-12 1.000e-10 1.000e-08 1.000e-06 1.000e-04 1.000e-03 1.000e-02,16384,10000
res_henon_a1.3_K_summary.csv,henon,3,5,0.01,1.3,K,0.33799,2.958667416195745,0.34783499999999995,0.9994970265392467,1.0857717683955146,6,3.4291493439642093,1.159018186766463,10.70306657695987,18.51851632691303,3.176900908137813,18.666666666666668,6,0.01009,29,0,104 91 76 59 42 34,1.000e-12 1.000e-10 1.000e-08 1.000e-06 1.000e-04 1.000e-03,16384,10000
res_henon_a1.3_param_summary.csv,henon,3,5,0.01,1.3,param,0.33799,2.958667416195745,0.3462614285714286,0.99713009260629,1.0656528299653836,7,3.2195232623016117,1.0881666674253219,16.477279400937324,20.420316746480243,3.163940023150936,20.428571428571427,7,0.01009,29,0,107 91 76 64 46 38 34,1.000e-12 1.000e-10 1.000e-08 1.000e-06 1.000e-04 1.000e-03 1.000e-02,16384,10000
res_henon_a1.4_K_summary.csv,henon,3,5,0.01,1.4,K,0.42945,2.3285597857725,0.43537333333333333,1.0023285597857725,1.0349516823844453,6,2.620042832376422,1.1251773943640546,6.476809150934754,11.318818644002016,2.4034903736211333,11.666666666666666,6,0.00869,14,0,79 66 57 43 30 25,1.000e-12 1.000e-10 1.000e-08 1.000e-06 1.000e-04 1.000e-03,16384,10000
res_henon_a1.4_param_summary.csv,henon,3,5,0.01,1.4,param,0.42945,2.3285597857725,0.43520857142857144,1.0015368494586099,1.032925835370823,7,2.5079524161574067,1.0770401651187984,7.930847411152422,10.64369708763701,2.397525580702617,11.571428571428571,7,0.00869,14,0,78 66 55 44 33 25 20,1.000e-12 1.000e-10 1.000e-08 1.000e-06 1.000e-04 1.000e-03 1.000e-02,16384,10000
res_logistic_r3.7_K_summary.csv,logistic,3,5,0.05,3.7,K,0.28708,3.4833495889647486,0.274715,0.8843179601504807,0.9900724536714504,6,nan,nan,nan,nan,nan,nan,0,0.72778,-1,1,-1 -1 -1 -1 -1 -1 -1,1.000e-12 1.000e-10 1.000e-08 1.000e-06 1.000e-04 1.000e-03 1.000e-02,16384,10000
res_logistic_r3.7_param_summary.csv,logistic,3,5,0.05,3.7,param,0.28708,3.4833495889647486,0.27867166666666665,0.9148321025498118,0.9941131391946495,6,nan,nan,nan,nan,nan,nan,0,0.72778,-1,1,-1 -1 -1 -1 -1 -1 -1,1.000e-12 1.000e-10 1.000e-08 1.000e-06 1.000e-04 1.000e-03 1.000e-02,16384,10000
res_logistic_r3.9_K_summary.csv,logistic,3,5,0.05,3.9,K,0.44605,2.2419011321600717,0.44768,0.9996188768075328,1.0085864813361731,6,2.3975172468291515,1.069412567948143,3.663505783065909,5.975643345557033,2.297466405302026,8.571428571428571,7,0.00872,3,0,70 59 48 37 26 20 15,1.000e-12 1.000e-10 1.000e-08 1.000e-06 1.000e-04 1.000e-03 1.000e-02,16384,10000
res_logistic_r3.9_param_summary.csv,logistic,3,5,0.05,3.9,param,0.44605,2.2419011321600717,0.4522714285714286,1.0014796547472256,1.0380226432014348,7,2.459775596340594,1.097182904747722,1.2622136025372115,4.807292584111328,2.3011757517347626,8.142857142857142,7,0.00872,3,0,72 62 51 39 27 22 16,1.000e-12 1.000e-10 1.000e-08 1.000e-06 1.000e-04 1.000e-03 1.000e-02,16384,10000
res_logistic_r4.0_K_summary.csv,logistic,3,5,0.05,4,K,0.55287,1.8087434659142294,0.5663,1.0043590717528534,1.0678097925371246,6,1.9602103603306376,1.0837415019159995,1.1408305972308634,3.392877168231228,1.8364452390374877,5.714285714285714,7,0.00708,3,0,55 46 38 29 20 15 9,1.000e-12 1.000e-10 1.000e-08 1.000e-06 1.000e-04 1.000e-03 1.000e-02,16384,10000
res_logistic_r4.0_param_23_summary.csv,logistic,2,3,0.05,4,param,0.61987,1.6132414861180568,0.6510371428571429,1.004291222353074,1.1711649216771258,7,1.7792258725631815,1.1028887416257394,1.3808643033703094,4.104058685116006,1.6650505718471933,6.0,7,0.00819,5,0,53 45 37 30 21 17 11,1.000e-12 1.000e-10 1.000e-08 1.000e-06 1.000e-04 1.000e-03 1.000e-02,16384,10000
res_logistic_r4.0_param_burnin0_summary.csv,logistic,3,5,0.05,4,param,0.55287,1.8087434659142294,0.5754971428571428,1.0032195633693273,1.1461102971765516,7,1.9536829732318273,1.0801327054106802,1.2349956051955522,3.5597776795888456,1.834457057991689,6.0,7,0.00708,3,0,57 49 40 31 22 17 12,1.000e-12 1.000e-10 1.000e-08 1.000e-06 1.000e-04 1.000e-03 1.000e-02,16384,0
res_logistic_r4.0_param_summary.csv,logistic,3,5,0.05,4,param,0.55287,1.8087434659142294,0.5776628571428571,1.0047750827500135,1.1548827029862354,7,1.9776194934195508,1.093366489326867,0.8278200759984051,3.5873170908170073,1.860637569187354,6.142857142857143,7,0.00708,3,0,58 50 40 32 22 17 13,1.000e-12 1.000e-10 1.000e-08 1.000e-06 1.000e-04 1.000e-03 1.000e-02,16384,10000
res_tent_mu1.3_K_summary.csv,tent,3,5,0.05,1.3,K,0.27233,3.672015569346014,0.25819000000000003,0.8854331142364044,0.9781147872066976,5,nan,nan,nan,nan,nan,nan,0,0.85949,-1,1,-1 -1 -1 -1 -1 -1 -1,1.000e-12 1.000e-10 1.000e-08 1.000e-06 1.000e-04 1.000e-03 1.000e-02,16384,10000
res_tent_mu1.3_param_summary.csv,tent,3,5,0.05,1.3,param,0.27233,3.672015569346014,0.25835,0.8819079792898321,0.9840634524290383,6,nan,nan,nan,nan,nan,nan,0,0.85949,-1,1,-1 -1 -1 -1 -1 -1 -1,1.000e-12 1.000e-10 1.000e-08 1.000e-06 1.000e-04 1.000e-03 1.000e-02,16384,10000
res_tent_mu1.6_K_summary.csv,tent,3,5,0.05,1.6,K,0.44439,2.250275658768199,0.4419933333333333,0.9792749611827449,1.0001350165395262,6,2.2676619531659026,1.0077262953673956,2.9343028757220826,3.1900100619468748,2.2535796932488097,6.428571428571429,7,0.01509,6,0,65 55 45 34 24 18 13,1.000e-12 1.000e-10 1.000e-08 1.000e-06 1.000e-04 1.000e-03 1.000e-02,16384,10000
res_tent_mu1.6_param_summary.csv,tent,3,5,0.05,1.6,param,0.44439,2.250275658768199,0.4436183333333334,0.9906388532595243,1.0010126240464456,6,2.187057391903269,0.9719064343878938,3.4666723970387143,2.4932411363249147,2.2722867390049797,6.142857142857143,7,0.01509,6,0,66 55 44 35 24 21 15,1.000e-12 1.000e-10 1.000e-08 1.000e-06 1.000e-04 1.000e-03 1.000e-02,16384,10000
res_tent_mu2.0_K_summary.csv,tent,3,5,0.05,2,K,0.6422,1.5571473061351604,0.64318,1.0004982871379633,1.0043288695110557,6,1.5532795691537227,0.9975161393105207,1.7203779833542414,1.6627663834141575,1.5666248774635285,2.857142857142857,7,0.00969,3,0,45 38 30 23 16 12 10,1.000e-12 1.000e-10 1.000e-08 1.000e-06 1.000e-04 1.000e-03 1.000e-02,16384,10000
res_tent_mu2.0_param_summary.csv,tent,3,5,0.05,2,param,0.6422,1.5571473061351604,0.6421971428571428,0.9881656804733728,1.0049050140143256,7,1.580461530058887,1.0149723946038172,2.567460000307994,2.9341994038350308,1.5641579564280415,4.285714285714286,7,0.00969,3,0,48 40 33 26 19 15 11,1.000e-12 1.000e-10 1.000e-08 1.000e-06 1.000e-04 1.000e-03 1.000e-02,16384,10000
