family,mode,p,q,K,param,delta,t,mean_ln_d,frac_d_gt_scale,r_x1,r_x2
henon,zero,3,5,0.01,1.4,0.000e+00,1,nan,0.000000,1.000000,1.000000
henon,zero,3,5,0.01,1.4,0.000e+00,2,nan,0.000000,1.000000,1.000000
henon,zero,3,5,0.01,1.4,0.000e+00,3,nan,0.000000,1.000000,1.000000
henon,zero,3,5,0.01,1.4,0.000e+00,4,nan,0.000000,1.000000,1.000000
henon,zero,3,5,0.01,1.4,0.000e+00,5,nan,0.000000,1.000000,1.000000
henon,zero,3,5,0.01,1.4,0.000e+00,6,nan,0.000000,1.000000,1.000000
henon,zero,3,5,0.01,1.4,0.000e+00,7,nan,0.000000,1.000000,1.000000
henon,zero,3,5,0.01,1.4,0.000e+00,8,nan,0.000000,1.000000,1.000000
henon,zero,3,5,0.01,1.4,0.000e+00,9,nan,0.000000,1.000000,1.000000
henon,zero,3,5,0.01,1.4,0.000e+00,10,nan,0.000000,1.000000,1.000000
henon,zero,3,5,0.01,1.4,0.000e+00,11,nan,0.000000,1.000000,1.000000
henon,zero,3,5,0.01,1.4,0.000e+00,12,nan,0.000000,1.000000,1.000000
henon,zero,3,5,0.01,1.4,0.000e+00,13,nan,0.000000,1.000000,1.000000
henon,zero,3,5,0.01,1.4,0.000e+00,14,nan,0.000000,1.000000,1.000000
henon,zero,3,5,0.01,1.4,0.000e+00,15,nan,0.000000,1.000000,1.000000
henon,zero,3,5,0.01,1.4,0.000e+00,16,nan,0.000000,1.000000,1.000000
henon,zero,3,5,0.01,1.4,0.000e+00,17,nan,0.000000,1.000000,1.000000
henon,zero,3,5,0.01,1.4,0.000e+00,18,nan,0.000000,1.000000,1.000000
henon,zero,3,5,0.01,1.4,0.000e+00,19,nan,0.000000,1.000000,1.000000
henon,zero,3,5,0.01,1.4,0.000e+00,20,nan,0.000000,1.000000,1.000000
henon,zero,3,5,0.01,1.4,0.000e+00,21,nan,0.000000,1.000000,1.000000
henon,zero,3,5,0.01,1.4,0.000e+00,22,nan,0.000000,1.000000,1.000000
henon,zero,3,5,0.01,1.4,0.000e+00,23,nan,0.000000,1.000000,1.000000
henon,zero,3,5,0.01,1.4,0.000e+00,24,nan,0.000000,1.000000,1.000000
henon,zero,3,5,0.01,1.4,0.000e+00,25,nan,0.000000,1.000000,1.000000
henon,zero,3,5,0.01,1.4,0.000e+00,26,nan,0.000000,1.000000,1.000000
henon,zero,3,5,0.01,1.4,0.000e+00,27,nan,0.000000,1.000000,1.000000
henon,zero,3,5,0.01,1.4,0.000e+00,28,nan,0.000000,1.000000,1.000000
henon,zero,3,5,0.01,1.4,0.000e+00,29,nan,0.000000,1.000000,1.000000
henon,zero,3,5,0.01,1.4,0.000e+00,30,nan,0.000000,1.000000,1.000000
henon,zero,3,5,0.01,1.4,0.000e+00,31,nan,0.000000,1.000000,1.000000
henon,zero,3,5,0.01,1.4,0.000e+00,32,nan,0.000000,1.000000,1.000000
henon,zero,3,5,0.01,1.4,0.000e+00,33,nan,0.000000,1.000000,1.000000
henon,zero,3,5,0.01,1.4,0.000e+00,34,nan,0.000000,1.000000,1.000000
henon,zero,3,5,0.01,1.4,0.000e+00,35,nan,0.000000,1.000000,1.000000
henon,zero,3,5,0.01,1.4,0.000e+00,36,nan,0.000000,1.000000,1.000000
henon,zero,3,5,0.01,1.4,0.000e+00,37,nan,0.000000,1.000000,1.000000
henon,zero,3,5,0.01,1.4,0.000e+00,38,nan,0.000000,1.000000,1.000000
henon,zero,3,5,0.01,1.4,0.000e+00,39,nan,0.000000,1.000000,1.000000
henon,zero,3,5,0.01,1.4,0.000e+00,40,nan,0.000000,1.000000,1.000000
henon,zero,3,5,0.01,1.4,0.000e+00,41,nan,0.000000,1.000000,1.000000
henon,zero,3,5,0.01,1.4,0.000e+00,42,nan,0.000000,1.000000,1.000000
henon,zero,3,5,0.01,1.4,0.000e+00,43,nan,0.000000,1.000000,1.000000
henon,zero,3,5,0.01,1.4,0.000e+00,44,nan,0.000000,1.000000,1.000000
henon,zero,3,5,0.01,1.4,0.000e+00,45,nan,0.000000,1.000000,1.000000
henon,zero,3,5,0.01,1.4,0.000e+00,46,nan,0.000000,1.000000,1.000000
henon,zero,3,5,0.01,1.4,0.000e+00,47,nan,0.000000,1.000000,1.000000
henon,zero,3,5,0.01,1.4,0.000e+00,48,nan,0.000000,1.000000,1.000000
henon,zero,3,5,0.01,1.4,0.000e+00,49,nan,0.000000,1.000000,1.000000
henon,zero,3,5,0.01,1.4,0.000e+00,50,nan,0.000000,1.000000,1.000000
henon,zero,3,5,0.01,1.4,0.000e+00,51,nan,0.000000,1.000000,1.000000
henon,zero,3,5,0.01,1.4,0.000e+00,52,nan,0.000000,1.000000,1.000000
henon,zero,3,5,0.01,1.4,0.000e+00,53,nan,0.000000,1.000000,1.000000
henon,zero,3,5,0.01,1.4,0.000e+00,54,nan,0.000000,1.000000,1.000000
henon,zero,3,5,0.01,1.4,0.000e+00,55,nan,0.000000,1.000000,1.000000
henon,zero,3,5,0.01,1.4,0.000e+00,56,nan,0.000000,1.000000,1.000000
henon,zero,3,5,0.01,1.4,0.000e+00,57,nan,0.000000,1.000000,1.000000
henon,zero,3,5,0.01,1.4,0.000e+00,58,nan,0.000000,1.000000,1.000000
henon,zero,3,5,0.01,1.4,0.000e+00,59,nan,0.000000,1.000000,1.000000
henon,zero,3,5,0.01,1.4,0.000e+00,60,nan,0.000000,1.000000,1.000000
henon,zero,3,5,0.01,1.4,0.000e+00,61,nan,0.000000,1.000000,1.000000
henon,zero,3,5,0.01,1.4,0.000e+00,62,nan,0.000000,1.000000,1.000000
henon,zero,3,5,0.01,1.4,0.000e+00,63,nan,0.000000,1.000000,1.000000
henon,zero,3,5,0.01,1.4,0.000e+00,64,nan,0.000000,1.000000,1.000000
henon,zero,3,5,0.01,1.4,0.000e+00,65,nan,0.000000,1.000000,1.000000
henon,zero,3,5,0.01,1.4,0.000e+00,66,nan,0.000000,1.000000,1.000000
henon,zero,3,5,0.01,1.4,0.000e+00,67,nan,0.000000,1.000000,1.000000
henon,zero,3,5,0.01,1.4,0.000e+00,68,nan,0.000000,1.000000,1.000000
henon,zero,3,5,0.01,1.4,0.000e+00,69,nan,0.000000,1.000000,1.000000
henon,zero,3,5,0.01,1.4,0.000e+00,70,nan,0.000000,1.000000,1.000000
henon,zero,3,5,0.01,1.4,0.000e+00,71,nan,0.000000,1.000000,1.000000
henon,zero,3,5,0.01,1.4,0.000e+00,72,nan,0.000000,1.000000,1.000000
henon,zero,3,5,0.01,1.4,0.000e+00,73,nan,0.000000,1.000000,1.000000
henon,zero,3,5,0.01,1.4,0.000e+00,74,nan,0.000000,1.000000,1.000000
henon,zero,3,5,0.01,1.4,0.000e+00,75,nan,0.000000,1.000000,1.000000
henon,zero,3,5,0.01,1.4,0.000e+00,76,nan,0.000000,1.000000,1.000000
henon,zero,3,5,0.01,1.4,0.000e+00,77,nan,0.000000,1.000000,1.000000
henon,zero,3,5,0.01,1.4,0.000e+00,78,nan,0.000000,1.000000,1.000000
henon,zero,3,5,0.01,1.4,0.000e+00,79,nan,0.000000,1.000000,1.000000
henon,zero,3,5,0.01,1.4,0.000e+00,80,nan,0.000000,1.000000,1.000000
henon,zero,3,5,0.01,1.4,0.000e+00,81,nan,0.000000,1.000000,1.000000
henon,zero,3,5,0.01,1.4,0.000e+00,82,nan,0.000000,1.000000,1.000000
henon,zero,3,5,0.01,1.4,0.000e+00,83,nan,0.000000,1.000000,1.000000
henon,zero,3,5,0.01,1.4,0.000e+00,84,nan,0.000000,1.000000,1.000000
henon,zero,3,5,0.01,1.4,0.000e+00,85,nan,0.000000,1.000000,1.000000
henon,zero,3,5,0.01,1.4,0.000e+00,86,nan,0.000000,1.000000,1.000000
henon,zero,3,5,0.01,1.4,0.000e+00,87,nan,0.000000,1.000000,1.000000
henon,zero,3,5,0.01,1.4,0.000e+00,88,nan,0.000000,1.000000,1.000000
henon,zero,3,5,0.01,1.4,0.000e+00,89,nan,0.000000,1.000000,1.000000
henon,zero,3,5,0.01,1.4,0.000e+00,90,nan,0.000000,1.000000,1.000000
henon,zero,3,5,0.01,1.4,0.000e+00,91,nan,0.000000,1.000000,1.000000
henon,zero,3,5,0.01,1.4,0.000e+00,92,nan,0.000000,1.000000,1.000000
henon,zero,3,5,0.01,1.4,0.000e+00,93,nan,0.000000,1.000000,1.000000
henon,zero,3,5,0.01,1.4,0.000e+00,94,nan,0.000000,1.000000,1.000000
henon,zero,3,5,0.01,1.4,0.000e+00,95,nan,0.000000,1.000000,1.000000
henon,zero,3,5,0.01,1.4,0.000e+00,96,nan,0.000000,1.000000,1.000000
henon,zero,3,5,0.01,1.4,0.000e+00,97,nan,0.000000,1.000000,1.000000
henon,zero,3,5,0.01,1.4,0.000e+00,98,nan,0.000000,1.000000,1.000000
henon,zero,3,5,0.01,1.4,0.000e+00,99,nan,0.000000,1.000000,1.000000
henon,zero,3,5,0.01,1.4,0.000e+00,100,nan,0.000000,1.000000,1.000000
henon,zero,3,5,0.01,1.4,0.000e+00,101,nan,0.000000,1.000000,1.000000
henon,zero,3,5,0.01,1.4,0.000e+00,102,nan,0.000000,1.000000,1.000000
henon,zero,3,5,0.01,1.4,0.000e+00,103,nan,0.000000,1.000000,1.000000
henon,zero,3,5,0.01,1.4,0.000e+00,104,nan,0.000000,1.000000,1.000000
henon,zero,3,5,0.01,1.4,0.000e+00,105,nan,0.000000,1.000000,1.000000
henon,zero,3,5,0.01,1.4,0.000e+00,106,nan,0.000000,1.000000,1.000000
henon,zero,3,5,0.01,1.4,0.000e+00,107,nan,0.000000,1.000000,1.000000
henon,zero,3,5,0.01,1.4,0.000e+00,108,nan,0.000000,1.000000,1.000000
henon,zero,3,5,0.01,1.4,0.000e+00,109,nan,0.000000,1.000000,1.000000
henon,zero,3,5,0.01,1.4,0.000e+00,110,nan,0.000000,1.000000,1.000000
henon,zero,3,5,0.01,1.4,0.000e+00,111,nan,0.000000,1.000000,1.000000
henon,zero,3,5,0.01,1.4,0.000e+00,112,nan,0.000000,1.000000,1.000000
henon,zero,3,5,0.01,1.4,0.000e+00,113,nan,0.000000,1.000000,1.000000
henon,zero,3,5,0.01,1.4,0.000e+00,114,nan,0.000000,1.000000,1.000000
henon,zero,3,5,0.01,1.4,0.000e+00,115,nan,0.000000,1.000000,1.000000
henon,zero,3,5,0.01,1.4,0.000e+00,116,nan,0.000000,1.000000,1.000000
henon,zero,3,5,0.01,1.4,0.000e+00,117,nan,0.000000,1.000000,1.000000
henon,zero,3,5,0.01,1.4,0.000e+00,118,nan,0.000000,1.000000,1.000000
henon,zero,3,5,0.01,1.4,0.000e+00,119,nan,0.000000,1.000000,1.000000
henon,zero,3,5,0.01,1.4,0.000e+00,120,nan,0.000000,1.000000,1.000000
henon,zero,3,5,0.01,1.4,0.000e+00,121,nan,0.000000,1.000000,1.000000
henon,zero,3,5,0.01,1.4,0.000e+00,122,nan,0.000000,1.000000,1.000000
henon,zero,3,5,0.01,1.4,0.000e+00,123,nan,0.000000,1.000000,1.000000
henon,zero,3,5,0.01,1.4,0.000e+00,124,nan,0.000000,1.000000,1.000000
henon,zero,3,5,0.01,1.4,0.000e+00,125,nan,0.000000,1.000000,1.000000
henon,zero,3,5,0.01,1.4,0.000e+00,126,nan,0.000000,1.000000,1.000000
henon,zero,3,5,0.01,1.4,0.000e+00,127,nan,0.000000,1.000000,1.000000
henon,zero,3,5,0.01,1.4,0.000e+00,128,nan,0.000000,1.000000,1.000000
henon,zero,3,5,0.01,1.4,0.000e+00,129,nan,0.000000,1.000000,1.000000
henon,zero,3,5,0.01,1.4,0.000e+00,130,nan,0.000000,1.000000,1.000000
henon,zero,3,5,0.01,1.4,0.000e+00,131,nan,0.000000,1.000000,1.000000
henon,zero,3,5,0.01,1.4,0.000e+00,132,nan,0.000000,1.000000,1.000000
henon,zero,3,5,0.01,1.4,0.000e+00,133,nan,0.000000,1.000000,1.000000
henon,zero,3,5,0.01,1.4,0.000e+00,134,nan,0.000000,1.000000,1.000000
henon,zero,3,5,0.01,1.4,0.000e+00,135,nan,0.000000,1.000000,1.000000
henon,zero,3,5,0.01,1.4,0.000e+00,136,nan,0.000000,1.000000,1.000000
henon,zero,3,5,0.01,1.4,0.000e+00,137,nan,0.000000,1.000000,1.000000
henon,zero,3,5,0.01,1.4,0.000e+00,138,nan,0.000000,1.000000,1.000000
henon,zero,3,5,0.01,1.4,0.000e+00,139,nan,0.000000,1.000000,1.000000
henon,zero,3,5,0.01,1.4,0.000e+00,140,nan,0.000000,1.000000,1.000000
henon,zero,3,5,0.01,1.4,0.000e+00,141,nan,0.000000,1.000000,1.000000
henon,zero,3,5,0.01,1.4,0.000e+00,142,nan,0.000000,1.000000,1.000000
henon,zero,3,5,0.01,1.4,0.000e+00,143,nan,0.000000,1.000000,1.000000
henon,zero,3,5,0.01,1.4,0.000e+00,144,nan,0.000000,1.000000,1.000000
henon,zero,3,5,0.01,1.4,0.000e+00,145,nan,0.000000,1.000000,1.000000
henon,zero,3,5,0.01,1.4,0.000e+00,146,nan,0.000000,1.000000,1.000000
henon,zero,3,5,0.01,1.4,0.000e+00,147,nan,0.000000,1.000000,1.000000
henon,zero,3,5,0.01,1.4,0.000e+00,148,nan,0.000000,1.000000,1.000000
henon,zero,3,5,0.01,1.4,0.000e+00,149,nan,0.000000,1.000000,1.000000
henon,zero,3,5,0.01,1.4,0.000e+00,150,nan,0.000000,1.000000,1.000000
henon,zero,3,5,0.01,1.4,0.000e+00,151,nan,0.000000,1.000000,1.000000
henon,zero,3,5,0.01,1.4,0.000e+00,152,nan,0.000000,1.000000,1.000000
henon,zero,3,5,0.01,1.4,0.000e+00,153,nan,0.000000,1.000000,1.000000
henon,zero,3,5,0.01,1.4,0.000e+00,154,nan,0.000000,1.000000,1.000000
henon,zero,3,5,0.01,1.4,0.000e+00,155,nan,0.000000,1.000000,1.000000
henon,zero,3,5,0.01,1.4,0.000e+00,156,nan,0.000000,1.000000,1.000000
henon,zero,3,5,0.01,1.4,0.000e+00,157,nan,0.000000,1.000000,1.000000
henon,zero,3,5,0.01,1.4,0.000e+00,158,nan,0.000000,1.000000,1.000000
henon,zero,3,5,0.01,1.4,0.000e+00,159,nan,0.000000,1.000000,1.000000
henon,zero,3,5,0.01,1.4,0.000e+00,160,nan,0.000000,1.000000,1.000000
henon,zero,3,5,0.01,1.4,0.000e+00,161,nan,0.000000,1.000000,1.000000
henon,zero,3,5,0.01,1.4,0.000e+00,162,nan,0.000000,1.000000,1.000000
henon,zero,3,5,0.01,1.4,0.000e+00,163,nan,0.000000,1.000000,1.000000
henon,zero,3,5,0.01,1.4,0.000e+00,164,nan,0.000000,1.000000,1.000000
henon,zero,3,5,0.01,1.4,0.000e+00,165,nan,0.000000,1.000000,1.000000
henon,zero,3,5,0.01,1.4,0.000e+00,166,nan,0.000000,1.000000,1.000000
henon,zero,3,5,0.01,1.4,0.000e+00,167,nan,0.000000,1.000000,1.000000
henon,zero,3,5,0.01,1.4,0.000e+00,168,nan,0.000000,1.000000,1.000000
henon,zero,3,5,0.01,1.4,0.000e+00,169,nan,0.000000,1.000000,1.000000
henon,zero,3,5,0.01,1.4,0.000e+00,170,nan,0.000000,1.000000,1.000000
henon,zero,3,5,0.01,1.4,0.000e+00,171,nan,0.000000,1.000000,1.000000
henon,zero,3,5,0.01,1.4,0.000e+00,172,nan,0.000000,1.000000,1.000000
henon,zero,3,5,0.01,1.4,0.000e+00,173,nan,0.000000,1.000000,1.000000
henon,zero,3,5,0.01,1.4,0.000e+00,174,nan,0.000000,1.000000,1.000000
henon,zero,3,5,0.01,1.4,0.000e+00,175,nan,0.000000,1.000000,1.000000
henon,zero,3,5,0.01,1.4,0.000e+00,176,nan,0.000000,1.000000,1.000000
henon,zero,3,5,0.01,1.4,0.000e+00,177,nan,0.000000,1.000000,1.000000
henon,zero,3,5,0.01,1.4,0.000e+00,178,nan,0.000000,1.000000,1.000000
henon,zero,3,5,0.01,1.4,0.000e+00,179,nan,0.000000,1.000000,1.000000
henon,zero,3,5,0.01,1.4,0.000e+00,180,nan,0.000000,1.000000,1.000000
henon,zero,3,5,0.01,1.4,0.000e+00,181,nan,0.000000,1.000000,1.000000
henon,zero,3,5,0.01,1.4,0.000e+00,182,nan,0.000000,1.000000,1.000000
henon,zero,3,5,0.01,1.4,0.000e+00,183,nan,0.000000,1.000000,1.000000
henon,zero,3,5,0.01,1.4,0.000e+00,184,nan,0.000000,1.000000,1.000000
henon,zero,3,5,0.01,1.4,0.000e+00,185,nan,0.000000,1.000000,1.000000
henon,zero,3,5,0.01,1.4,0.000e+00,186,nan,0.000000,1.000000,1.000000
henon,zero,3,5,0.01,1.4,0.000e+00,187,nan,0.000000,1.000000,1.000000
henon,zero,3,5,0.01,1.4,0.000e+00,188,nan,0.000000,1.000000,1.000000
henon,zero,3,5,0.01,1.4,0.000e+00,189,nan,0.000000,1.000000,1.000000
henon,zero,3,5,0.01,1.4,0.000e+00,190,nan,0.000000,1.000000,1.000000
henon,zero,3,5,0.01,1.4,0.000e+00,191,nan,0.000000,1.000000,1.000000
henon,zero,3,5,0.01,1.4,0.000e+00,192,nan,0.000000,1.000000,1.000000
henon,zero,3,5,0.01,1.4,0.000e+00,193,nan,0.000000,1.000000,1.000000
henon,zero,3,5,0.01,1.4,0.000e+00,194,nan,0.000000,1.000000,1.000000
henon,zero,3,5,0.01,1.4,0.000e+00,195,nan,0.000000,1.000000,1.000000
henon,zero,3,5,0.01,1.4,0.000e+00,196,nan,0.000000,1.000000,1.000000
henon,zero,3,5,0.01,1.4,0.000e+00,197,nan,0.000000,1.000000,1.000000
henon,zero,3,5,0.01,1.4,0.000e+00,198,nan,0.000000,1.000000,1.000000
henon,zero,3,5,0.01,1.4,0.000e+00,199,nan,0.000000,1.000000,1.000000
henon,zero,3,5,0.01,1.4,0.000e+00,200,nan,0.000000,1.000000,1.000000
henon,zero,3,5,0.01,1.4,0.000e+00,201,nan,0.000000,1.000000,1.000000
henon,zero,3,5,0.01,1.4,0.000e+00,202,nan,0.000000,1.000000,1.000000
henon,zero,3,5,0.01,1.4,0.000e+00,203,nan,0.000000,1.000000,1.000000
henon,zero,3,5,0.01,1.4,0.000e+00,204,nan,0.000000,1.000000,1.000000
henon,zero,3,5,0.01,1.4,0.000e+00,205,nan,0.000000,1.000000,1.000000
henon,zero,3,5,0.01,1.4,0.000e+00,206,nan,0.000000,1.000000,1.000000
henon,zero,3,5,0.01,1.4,0.000e+00,207,nan,0.000000,1.000000,1.000000
henon,zero,3,5,0.01,1.4,0.000e+00,208,nan,0.000000,1.000000,1.000000
henon,zero,3,5,0.01,1.4,0.000e+00,209,nan,0.000000,1.000000,1.000000
henon,zero,3,5,0.01,1.4,0.000e+00,210,nan,0.000000,1.000000,1.000000
henon,zero,3,5,0.01,1.4,0.000e+00,211,nan,0.000000,1.000000,1.000000
henon,zero,3,5,0.01,1.4,0.000e+00,212,nan,0.000000,1.000000,1.000000
henon,zero,3,5,0.01,1.4,0.000e+00,213,nan,0.000000,1.000000,1.000000
henon,zero,3,5,0.01,1.4,0.000e+00,214,nan,0.000000,1.000000,1.000000
henon,zero,3,5,0.01,1.4,0.000e+00,215,nan,0.000000,1.000000,1.000000
henon,zero,3,5,0.01,1.4,0.000e+00,216,nan,0.000000,1.000000,1.000000
henon,zero,3,5,0.01,1.4,0.000e+00,217,nan,0.000000,1.000000,1.000000
henon,zero,3,5,0.01,1.4,0.000e+00,218,nan,0.000000,1.000000,1.000000
henon,zero,3,5,0.01,1.4,0.000e+00,219,nan,0.000000,1.000000,1.000000
henon,zero,3,5,0.01,1.4,0.000e+00,220,nan,0.000000,1.000000,1.000000
henon,zero,3,5,0.01,1.4,0.000e+00,221,nan,0.000000,1.000000,1.000000
henon,zero,3,5,0.01,1.4,0.000e+00,222,nan,0.000000,1.000000,1.000000
henon,zero,3,5,0.01,1.4,0.000e+00,223,nan,0.000000,1.000000,1.000000
henon,zero,3,5,0.01,1.4,0.000e+00,224,nan,0.000000,1.000000,1.000000
henon,zero,3,5,0.01,1.4,0.000e+00,225,nan,0.000000,1.000000,1.000000
henon,zero,3,5,0.01,1.4,0.000e+00,226,nan,0.000000,1.000000,1.000000
henon,zero,3,5,0.01,1.4,0.000e+00,227,nan,0.000000,1.000000,1.000000
henon,zero,3,5,0.01,1.4,0.000e+00,228,nan,0.000000,1.000000,1.000000
henon,zero,3,5,0.01,1.4,0.000e+00,229,nan,0.000000,1.000000,1.000000
henon,zero,3,5,0.01,1.4,0.000e+00,230,nan,0.000000,1.000000,1.000000
henon,zero,3,5,0.01,1.4,0.000e+00,231,nan,0.000000,1.000000,1.000000
henon,zero,3,5,0.01,1.4,0.000e+00,232,nan,0.000000,1.000000,1.000000
henon,zero,3,5,0.01,1.4,0.000e+00,233,nan,0.000000,1.000000,1.000000
henon,zero,3,5,0.01,1.4,0.000e+00,234,nan,0.000000,1.000000,1.000000
henon,zero,3,5,0.01,1.4,0.000e+00,235,nan,0.000000,1.000000,1.000000
henon,zero,3,5,0.01,1.4,0.000e+00,236,nan,0.000000,1.000000,1.000000
henon,zero,3,5,0.01,1.4,0.000e+00,237,nan,0.000000,1.000000,1.000000
henon,zero,3,5,0.01,1.4,0.000e+00,238,nan,0.000000,1.000000,1.000000
henon,zero,3,5,0.01,1.4,0.000e+00,239,nan,0.000000,1.000000,1.000000
henon,zero,3,5,0.01,1.4,0.000e+00,240,nan,0.000000,1.000000,1.000000
henon,zero,3,5,0.01,1.4,0.000e+00,241,nan,0.000000,1.000000,1.000000
henon,zero,3,5,0.01,1.4,0.000e+00,242,nan,0.000000,1.000000,1.000000
henon,zero,3,5,0.01,1.4,0.000e+00,243,nan,0.000000,1.000000,1.000000
henon,zero,3,5,0.01,1.4,0.000e+00,244,nan,0.000000,1.000000,1.000000
henon,zero,3,5,0.01,1.4,0.000e+00,245,nan,0.000000,1.000000,1.000000
henon,zero,3,5,0.01,1.4,0.000e+00,246,nan,0.000000,1.000000,1.000000
henon,zero,3,5,0.01,1.4,0.000e+00,247,nan,0.000000,1.000000,1.000000
henon,zero,3,5,0.01,1.4,0.000e+00,248,nan,0.000000,1.000000,1.000000
henon,zero,3,5,0.01,1.4,0.000e+00,249,nan,0.000000,1.000000,1.000000
henon,zero,3,5,0.01,1.4,0.000e+00,250,nan,0.000000,1.000000,1.000000
henon,zero,3,5,0.01,1.4,0.000e+00,251,nan,0.000000,1.000000,1.000000
henon,zero,3,5,0.01,1.4,0.000e+00,252,nan,0.000000,1.000000,1.000000
henon,zero,3,5,0.01,1.4,0.000e+00,253,nan,0.000000,1.000000,1.000000
henon,zero,3,5,0.01,1.4,0.000e+00,254,nan,0.000000,1.000000,1.000000
henon,zero,3,5,0.01,1.4,0.000e+00,255,nan,0.000000,1.000000,1.000000
henon,zero,3,5,0.01,1.4,0.000e+00,256,nan,0.000000,1.000000,1.000000
henon,zero,3,5,0.01,1.4,0.000e+00,257,nan,0.000000,1.000000,1.000000
henon,zero,3,5,0.01,1.4,0.000e+00,258,nan,0.000000,1.000000,1.000000
henon,zero,3,5,0.01,1.4,0.000e+00,259,nan,0.000000,1.000000,1.000000
henon,zero,3,5,0.01,1.4,0.000e+00,260,nan,0.000000,1.000000,1.000000
henon,zero,3,5,0.01,1.4,0.000e+00,261,nan,0.000000,1.000000,1.000000
henon,zero,3,5,0.01,1.4,0.000e+00,262,nan,0.000000,1.000000,1.000000
henon,zero,3,5,0.01,1.4,0.000e+00,263,nan,0.000000,1.000000,1.000000
henon,zero,3,5,0.01,1.4,0.000e+00,264,nan,0.000000,1.000000,1.000000
henon,zero,3,5,0.01,1.4,0.000e+00,265,nan,0.000000,1.000000,1.000000
henon,zero,3,5,0.01,1.4,0.000e+00,266,nan,0.000000,1.000000,1.000000
henon,zero,3,5,0.01,1.4,0.000e+00,267,nan,0.000000,1.000000,1.000000
henon,zero,3,5,0.01,1.4,0.000e+00,268,nan,0.000000,1.000000,1.000000
henon,zero,3,5,0.01,1.4,0.000e+00,269,nan,0.000000,1.000000,1.000000
henon,zero,3,5,0.01,1.4,0.000e+00,270,nan,0.000000,1.000000,1.000000
henon,zero,3,5,0.01,1.4,0.000e+00,271,nan,0.000000,1.000000,1.000000
henon,zero,3,5,0.01,1.4,0.000e+00,272,nan,0.000000,1.000000,1.000000
henon,zero,3,5,0.01,1.4,0.000e+00,273,nan,0.000000,1.000000,1.000000
henon,zero,3,5,0.01,1.4,0.000e+00,274,nan,0.000000,1.000000,1.000000
henon,zero,3,5,0.01,1.4,0.000e+00,275,nan,0.000000,1.000000,1.000000
henon,zero,3,5,0.01,1.4,0.000e+00,276,nan,0.000000,1.000000,1.000000
henon,zero,3,5,0.01,1.4,0.000e+00,277,nan,0.000000,1.000000,1.000000
henon,zero,3,5,0.01,1.4,0.000e+00,278,nan,0.000000,1.000000,1.000000
henon,zero,3,5,0.01,1.4,0.000e+00,279,nan,0.000000,1.000000,1.000000
henon,zero,3,5,0.01,1.4,0.000e+00,280,nan,0.000000,1.000000,1.000000
henon,zero,3,5,0.01,1.4,0.000e+00,281,nan,0.000000,1.000000,1.000000
henon,zero,3,5,0.01,1.4,0.000e+00,282,nan,0.000000,1.000000,1.000000
henon,zero,3,5,0.01,1.4,0.000e+00,283,nan,0.000000,1.000000,1.000000
henon,zero,3,5,0.01,1.4,0.000e+00,284,nan,0.000000,1.000000,1.000000
henon,zero,3,5,0.01,1.4,0.000e+00,285,nan,0.000000,1.000000,1.000000
henon,zero,3,5,0.01,1.4,0.000e+00,286,nan,0.000000,1.000000,1.000000
henon,zero,3,5,0.01,1.4,0.000e+00,287,nan,0.000000,1.000000,1.000000
henon,zero,3,5,0.01,1.4,0.000e+00,288,nan,0.000000,1.000000,1.000000
henon,zero,3,5,0.01,1.4,0.000e+00,289,nan,0.000000,1.000000,1.000000
henon,zero,3,5,0.01,1.4,0.000e+00,290,nan,0.000000,1.000000,1.000000
henon,zero,3,5,0.01,1.4,0.000e+00,291,nan,0.000000,1.000000,1.000000
henon,zero,3,5,0.01,1.4,0.000e+00,292,nan,0.000000,1.000000,1.000000
henon,zero,3,5,0.01,1.4,0.000e+00,293,nan,0.000000,1.000000,1.000000
henon,zero,3,5,0.01,1.4,0.000e+00,294,nan,0.000000,1.000000,1.000000
henon,zero,3,5,0.01,1.4,0.000e+00,295,nan,0.000000,1.000000,1.000000
henon,zero,3,5,0.01,1.4,0.000e+00,296,nan,0.000000,1.000000,1.000000
henon,zero,3,5,0.01,1.4,0.000e+00,297,nan,0.000000,1.000000,1.000000
henon,zero,3,5,0.01,1.4,0.000e+00,298,nan,0.000000,1.000000,1.000000
henon,zero,3,5,0.01,1.4,0.000e+00,299,nan,0.000000,1.000000,1.000000
henon,zero,3,5,0.01,1.4,0.000e+00,300,nan,0.000000,1.000000,1.000000
henon,zero,3,5,0.01,1.4,0.000e+00,301,nan,0.000000,1.000000,1.000000
henon,zero,3,5,0.01,1.4,0.000e+00,302,nan,0.000000,1.000000,1.000000
henon,zero,3,5,0.01,1.4,0.000e+00,303,nan,0.000000,1.000000,1.000000
henon,zero,3,5,0.01,1.4,0.000e+00,304,nan,0.000000,1.000000,1.000000
henon,zero,3,5,0.01,1.4,0.000e+00,305,nan,0.000000,1.000000,1.000000
henon,zero,3,5,0.01,1.4,0.000e+00,306,nan,0.000000,1.000000,1.000000
henon,zero,3,5,0.01,1.4,0.000e+00,307,nan,0.000000,1.000000,1.000000
henon,zero,3,5,0.01,1.4,0.000e+00,308,nan,0.000000,1.000000,1.000000
henon,zero,3,5,0.01,1.4,0.000e+00,309,nan,0.000000,1.000000,1.000000
henon,zero,3,5,0.01,1.4,0.000e+00,310,nan,0.000000,1.000000,1.000000
henon,zero,3,5,0.01,1.4,0.000e+00,311,nan,0.000000,1.000000,1.000000
henon,zero,3,5,0.01,1.4,0.000e+00,312,nan,0.000000,1.000000,1.000000
henon,zero,3,5,0.01,1.4,0.000e+00,313,nan,0.000000,1.000000,1.000000
henon,zero,3,5,0.01,1.4,0.000e+00,314,nan,0.000000,1.000000,1.000000
henon,zero,3,5,0.01,1.4,0.000e+00,315,nan,0.000000,1.000000,1.000000
henon,zero,3,5,0.01,1.4,0.000e+00,316,nan,0.000000,1.000000,1.000000
henon,zero,3,5,0.01,1.4,0.000e+00,317,nan,0.000000,1.000000,1.000000
henon,zero,3,5,0.01,1.4,0.000e+00,318,nan,0.000000,1.000000,1.000000
henon,zero,3,5,0.01,1.4,0.000e+00,319,nan,0.000000,1.000000,1.000000
henon,zero,3,5,0.01,1.4,0.000e+00,320,nan,0.000000,1.000000,1.000000
henon,zero,3,5,0.01,1.4,0.000e+00,321,nan,0.000000,1.000000,1.000000
henon,zero,3,5,0.01,1.4,0.000e+00,322,nan,0.000000,1.000000,1.000000
henon,zero,3,5,0.01,1.4,0.000e+00,323,nan,0.000000,1.000000,1.000000
henon,zero,3,5,0.01,1.4,0.000e+00,324,nan,0.000000,1.000000,1.000000
henon,zero,3,5,0.01,1.4,0.000e+00,325,nan,0.000000,1.000000,1.000000
henon,zero,3,5,0.01,1.4,0.000e+00,326,nan,0.000000,1.000000,1.000000
henon,zero,3,5,0.01,1.4,0.000e+00,327,nan,0.000000,1.000000,1.000000
henon,zero,3,5,0.01,1.4,0.000e+00,328,nan,0.000000,1.000000,1.000000
henon,zero,3,5,0.01,1.4,0.000e+00,329,nan,0.000000,1.000000,1.000000
henon,zero,3,5,0.01,1.4,0.000e+00,330,nan,0.000000,1.000000,1.000000
henon,zero,3,5,0.01,1.4,0.000e+00,331,nan,0.000000,1.000000,1.000000
henon,zero,3,5,0.01,1.4,0.000e+00,332,nan,0.000000,1.000000,1.000000
henon,zero,3,5,0.01,1.4,0.000e+00,333,nan,0.000000,1.000000,1.000000
henon,zero,3,5,0.01,1.4,0.000e+00,334,nan,0.000000,1.000000,1.000000
henon,zero,3,5,0.01,1.4,0.000e+00,335,nan,0.000000,1.000000,1.000000
henon,zero,3,5,0.01,1.4,0.000e+00,336,nan,0.000000,1.000000,1.000000
henon,zero,3,5,0.01,1.4,0.000e+00,337,nan,0.000000,1.000000,1.000000
henon,zero,3,5,0.01,1.4,0.000e+00,338,nan,0.000000,1.000000,1.000000
henon,zero,3,5,0.01,1.4,0.000e+00,339,nan,0.000000,1.000000,1.000000
henon,zero,3,5,0.01,1.4,0.000e+00,340,nan,0.000000,1.000000,1.000000
henon,zero,3,5,0.01,1.4,0.000e+00,341,nan,0.000000,1.000000,1.000000
henon,zero,3,5,0.01,1.4,0.000e+00,342,nan,0.000000,1.000000,1.000000
henon,zero,3,5,0.01,1.4,0.000e+00,343,nan,0.000000,1.000000,1.000000
henon,zero,3,5,0.01,1.4,0.000e+00,344,nan,0.000000,1.000000,1.000000
henon,zero,3,5,0.01,1.4,0.000e+00,345,nan,0.000000,1.000000,1.000000
henon,zero,3,5,0.01,1.4,0.000e+00,346,nan,0.000000,1.000000,1.000000
henon,zero,3,5,0.01,1.4,0.000e+00,347,nan,0.000000,1.000000,1.000000
henon,zero,3,5,0.01,1.4,0.000e+00,348,nan,0.000000,1.000000,1.000000
henon,zero,3,5,0.01,1.4,0.000e+00,349,nan,0.000000,1.000000,1.000000
henon,zero,3,5,0.01,1.4,0.000e+00,350,nan,0.000000,1.000000,1.000000
henon,zero,3,5,0.01,1.4,0.000e+00,351,nan,0.000000,1.000000,1.000000
henon,zero,3,5,0.01,1.4,0.000e+00,352,nan,0.000000,1.000000,1.000000
henon,zero,3,5,0.01,1.4,0.000e+00,353,nan,0.000000,1.000000,1.000000
henon,zero,3,5,0.01,1.4,0.000e+00,354,nan,0.000000,1.000000,1.000000
henon,zero,3,5,0.01,1.4,0.000e+00,355,nan,0.000000,1.000000,1.000000
henon,zero,3,5,0.01,1.4,0.000e+00,356,nan,0.000000,1.000000,1.000000
henon,zero,3,5,0.01,1.4,0.000e+00,357,nan,0.000000,1.000000,1.000000
henon,zero,3,5,0.01,1.4,0.000e+00,358,nan,0.000000,1.000000,1.000000
henon,zero,3,5,0.01,1.4,0.000e+00,359,nan,0.000000,1.000000,1.000000
henon,zero,3,5,0.01,1.4,0.000e+00,360,nan,0.000000,1.000000,1.000000
henon,zero,3,5,0.01,1.4,0.000e+00,361,nan,0.000000,1.000000,1.000000
henon,zero,3,5,0.01,1.4,0.000e+00,362,nan,0.000000,1.000000,1.000000
henon,zero,3,5,0.01,1.4,0.000e+00,363,nan,0.000000,1.000000,1.000000
henon,zero,3,5,0.01,1.4,0.000e+00,364,nan,0.000000,1.000000,1.000000
henon,zero,3,5,0.01,1.4,0.000e+00,365,nan,0.000000,1.000000,1.000000
henon,zero,3,5,0.01,1.4,0.000e+00,366,nan,0.000000,1.000000,1.000000
henon,zero,3,5,0.01,1.4,0.000e+00,367,nan,0.000000,1.000000,1.000000
henon,zero,3,5,0.01,1.4,0.000e+00,368,nan,0.000000,1.000000,1.000000
henon,zero,3,5,0.01,1.4,0.000e+00,369,nan,0.000000,1.000000,1.000000
henon,zero,3,5,0.01,1.4,0.000e+00,370,nan,0.000000,1.000000,1.000000
henon,zero,3,5,0.01,1.4,0.000e+00,371,nan,0.000000,1.000000,1.000000
henon,zero,3,5,0.01,1.4,0.000e+00,372,nan,0.000000,1.000000,1.000000
henon,zero,3,5,0.01,1.4,0.000e+00,373,nan,0.000000,1.000000,1.000000
henon,zero,3,5,0.01,1.4,0.000e+00,374,nan,0.000000,1.000000,1.000000
henon,zero,3,5,0.01,1.4,0.000e+00,375,nan,0.000000,1.000000,1.000000
henon,zero,3,5,0.01,1.4,0.000e+00,376,nan,0.000000,1.000000,1.000000
henon,zero,3,5,0.01,1.4,0.000e+00,377,nan,0.000000,1.000000,1.000000
henon,zero,3,5,0.01,1.4,0.000e+00,378,nan,0.000000,1.000000,1.000000
henon,zero,3,5,0.01,1.4,0.000e+00,379,nan,0.000000,1.000000,1.000000
henon,zero,3,5,0.01,1.4,0.000e+00,380,nan,0.000000,1.000000,1.000000
henon,zero,3,5,0.01,1.4,0.000e+00,381,nan,0.000000,1.000000,1.000000
henon,zero,3,5,0.01,1.4,0.000e+00,382,nan,0.000000,1.000000,1.000000
henon,zero,3,5,0.01,1.4,0.000e+00,383,nan,0.000000,1.000000,1.000000
henon,zero,3,5,0.01,1.4,0.000e+00,384,nan,0.000000,1.000000,1.000000
henon,zero,3,5,0.01,1.4,0.000e+00,385,nan,0.000000,1.000000,1.000000
henon,zero,3,5,0.01,1.4,0.000e+00,386,nan,0.000000,1.000000,1.000000
henon,zero,3,5,0.01,1.4,0.000e+00,387,nan,0.000000,1.000000,1.000000
henon,zero,3,5,0.01,1.4,0.000e+00,388,nan,0.000000,1.000000,1.000000
henon,zero,3,5,0.01,1.4,0.000e+00,389,nan,0.000000,1.000000,1.000000
henon,zero,3,5,0.01,1.4,0.000e+00,390,nan,0.000000,1.000000,1.000000
henon,zero,3,5,0.01,1.4,0.000e+00,391,nan,0.000000,1.000000,1.000000
henon,zero,3,5,0.01,1.4,0.000e+00,392,nan,0.000000,1.000000,1.000000
henon,zero,3,5,0.01,1.4,0.000e+00,393,nan,0.000000,1.000000,1.000000
henon,zero,3,5,0.01,1.4,0.000e+00,394,nan,0.000000,1.000000,1.000000
henon,zero,3,5,0.01,1.4,0.000e+00,395,nan,0.000000,1.000000,1.000000
henon,zero,3,5,0.01,1.4,0.000e+00,396,nan,0.000000,1.000000,1.000000
henon,zero,3,5,0.01,1.4,0.000e+00,397,nan,0.000000,1.000000,1.000000
henon,zero,3,5,0.01,1.4,0.000e+00,398,nan,0.000000,1.000000,1.000000
henon,zero,3,5,0.01,1.4,0.000e+00,399,nan,0.000000,1.000000,1.000000
henon,zero,3,5,0.01,1.4,0.000e+00,400,nan,0.000000,1.000000,1.000000
