theta1,theta2
3.142683,0.189193
3.648050,1.287160
5.180984,0.076418
5.882460,1.968594
5.915694,2.711868
0.279069,2.175014
2.493271,0.227991
5.301433,4.985769
3.556423,0.683460
4.459710,2.152073
0.402141,5.022457
0.387630,4.891304
3.028670,2.243002
6.048309,4.515485
4.113315,1.987612
0.297152,5.164830
0.249976,0.908219
0.246360,3.311139
2.522285,5.851912
4.027966,0.263356
5.173929,0.994101
2.597065,6.103878
5.972712,0.726866
6.183906,4.297495
3.029826,1.349986
3.017152,5.327758
0.450160,4.793188
2.266112,5.477481
4.349299,1.330198
3.060706,3.250722
5.414268,4.445758
1.277298,4.735623
1.322188,3.233786
2.554004,1.310069
2.829164,1.272121
0.315541,5.479433
3.644880,2.457402
3.573404,4.348587
3.554022,5.063310
4.066636,0.112996
0.041157,2.593224
5.908361,4.497324
4.266186,2.661865
2.736892,2.536094
5.821324,4.457513
0.469561,1.304954
0.521141,1.693331
2.282408,3.598611
2.248318,3.976363
4.198473,1.465840
1.551405,3.675432
0.641474,0.567455
1.851840,0.538762
3.302557,5.204579
0.810951,5.958190
0.263399,2.686876
6.213604,6.012885
1.472099,1.423162
1.483387,3.532923
1.618667,1.979084
4.800429,4.125177
2.541057,0.378384
0.665893,2.969859
6.091501,0.936624
5.955024,2.907340
3.179363,3.177489
2.824539,6.212339
4.243560,0.918071
3.095873,2.810532
1.690239,5.276401
0.408060,0.016945
2.628878,0.759025
2.581969,5.965376
4.213670,0.388804
0.691610,3.278738
2.447699,0.217296
0.463749,5.142864
1.003981,1.734406
3.809507,1.283789
4.833818,1.730145
3.906953,3.911622
5.108902,3.308439
4.663066,4.254015
3.560024,4.038885
4.667812,0.185199
1.263246,4.801351
0.988317,2.652827
3.098854,0.233721
0.490390,5.134087
5.603346,0.040097
1.793825,3.224780
3.907018,3.412797
2.992305,5.628391
2.304674,4.941307
1.023209,2.103490
0.234934,1.683644
5.375236,2.313459
1.657845,6.254099
4.443364,4.480245
4.094851,0.894559
2.608785,5.977859
3.981228,4.165481
0.047420,0.191626
4.642162,6.211307
4.583828,0.682321
0.689208,2.880752
3.250964,3.616396
0.532763,0.777593
3.533698,0.820958
4.657068,3.299850
2.789280,5.649783
5.065719,1.375916
3.440158,5.445598
1.216053,6.202026
1.347534,2.225650
1.237362,5.248607
0.249446,2.324047
0.794016,1.422661
4.934245,2.018907
2.063831,5.340101
2.368349,4.804363
3.181260,1.102700
3.417397,2.997939
4.943424,2.417656
4.789461,0.281789
3.593700,2.237707
3.242644,4.201576
2.978905,4.945663
2.906890,3.529834
5.878002,4.672618
2.541676,0.075268
4.164057,2.457759
1.811543,3.580156
1.788080,5.262786
2.545592,2.362931
4.085394,2.532334
1.576729,4.459441
6.249514,4.252025
4.789860,5.011516
5.832675,1.135790
5.729625,4.579530
4.035737,5.086272
3.830040,0.923759
5.625726,4.893942
3.274781,2.018390
0.681136,4.135880
6.223151,0.882440
2.872603,4.281768
4.073912,2.781206
4.582816,2.222739
5.065644,0.128321
1.660736,2.839252
4.828077,1.288901
6.141322,2.251310
5.288548,4.206362
0.774687,0.943909
3.599875,6.131268
2.546091,5.158115
1.528527,4.274341
4.003270,4.844955
0.677408,2.287025
3.662376,4.696982
2.293806,2.821799
1.261574,0.976295
4.701631,4.701059
5.082105,1.279721
0.809348,5.168073
3.251297,4.644058
1.401025,3.966269
2.782089,3.315419
5.911908,3.068834
0.840305,1.344710
5.742166,4.662674
2.643096,2.168402
4.573642,0.325920
3.985360,4.804401
0.387097,2.731326
0.708865,1.816187
0.099594,2.232524
5.998993,3.558327
1.177825,5.537150
2.807437,2.035888
4.026063,2.154686
0.233403,4.443563
2.431798,3.564946
3.684378,5.542163
5.170197,4.879941
4.944067,1.628355
1.841279,3.235707
1.936900,1.706347
1.859261,0.792580
1.638704,5.617458
4.292004,1.224015
2.821209,4.857432
2.550575,3.217066
2.689755,5.265438
5.583004,2.140546
0.471469,1.832863
1.093700,1.547069
5.444905,5.406512
5.496037,4.964356
5.865169,2.859740
1.399456,5.405250
4.475641,2.707350
5.744900,3.978074
4.393125,0.324271
1.207500,6.271639
4.339339,0.881587
2.545374,1.168496
0.739460,1.778033
0.764996,5.702497
2.977578,5.306215
1.321473,0.595679
1.303297,5.267395
3.584918,5.087196
4.959780,4.707991
4.399830,2.982107
5.691059,1.699405
5.491786,2.365090
0.412285,2.143289
2.299507,4.696077
2.915760,2.372530
5.013942,3.246348
1.211028,4.183705
4.363279,6.078632
3.797509,5.597331
0.965448,1.147858
2.359346,1.584568
0.994902,2.038445
6.237488,0.230477
3.835750,4.501477
5.033832,1.294083
4.165639,5.855519
6.220769,5.756579
1.668855,6.240219
5.081093,4.248883
4.591357,0.729075
0.216847,0.299001
4.884381,2.034471
5.296654,3.211513
4.255745,0.031341
2.494990,5.452463
1.297276,5.991547
3.908911,1.708195
5.569995,1.876005
2.650013,3.885860
3.837240,5.801207
5.289758,0.646418
0.345096,4.813028
2.723579,2.078891
5.224196,5.839690
3.328202,2.888993
4.598978,3.253509
4.067252,1.589510
3.008008,0.911357
0.432443,3.647131
1.987434,2.154779
0.224860,4.690762
5.311916,0.969379
5.315554,2.925544
3.766841,0.181558
4.476162,0.958376
4.056758,0.385020
1.368025,5.274840
0.818277,5.274800
5.120366,6.031346
0.733515,3.602333
4.132947,6.099102
2.644756,1.333982
0.844177,0.162571
1.871081,2.100093
1.452821,5.113397
1.209715,5.798702
3.129715,5.184819
2.620014,2.429317
2.400915,2.867676
6.103378,1.619105
0.687809,5.925320
0.500879,5.452379
0.070427,1.775829
1.667349,4.868917
2.127238,2.927040
3.793246,5.615258
0.462040,1.224233
0.254320,5.849052
0.704257,2.544135
3.993249,2.052351
5.817300,0.262311
0.454921,2.225203
2.216404,2.652085
2.644522,1.215374
5.076080,5.780266
0.183439,1.741040
2.345534,3.689475
1.896523,2.730943
3.551626,2.360295
3.000399,5.951497
0.756313,5.070792
3.059471,5.521107
2.557903,2.532699
1.258902,3.991708
1.358965,1.106954
5.892412,3.778977
1.896567,4.231968
1.657610,4.804689
0.397363,2.500416
5.238882,2.950235
5.265247,2.085071
0.891242,4.038959
0.719383,1.512790
4.755221,1.431333
4.561973,5.679174
4.763777,1.293464
1.031388,5.372204
2.223525,1.295850
5.668701,4.481173
3.895220,4.787418
2.992801,4.222028
0.928970,5.291902
2.443987,3.323533
0.003335,1.479530
1.690449,0.352315
4.115193,3.245470
4.021100,2.244515
2.267492,2.493895
4.462356,0.781951
0.581400,4.733636
2.295881,4.033192
3.604834,4.478894
3.563014,2.338722
3.383350,4.234261
1.975064,0.211743
0.389419,2.848324
4.721734,3.256956
0.156661,5.861241
2.687959,5.299840
4.585749,4.528377
4.230881,5.578898
3.765286,3.667157
4.954744,2.596752
4.487008,3.150507
0.243204,3.165983
5.495881,5.543343
5.419528,5.040660
0.154603,4.680511
2.239768,3.373214
4.845234,2.279554
4.826009,4.339846
4.798502,1.719076
5.587821,1.890311
3.204599,5.153391
3.702925,2.353514
2.515158,1.698207
4.523891,4.393788
5.301696,2.046290
0.218361,5.183155
5.942157,1.121795
1.604756,0.165808
3.427458,1.147912
5.773381,5.034528
1.503431,0.992080
1.379112,6.084397
3.341466,1.695409
1.120994,1.498644
3.562150,2.204003
3.366999,0.271844
1.379707,5.842810
3.357543,3.714632
4.852634,1.673203
0.863962,2.562995
5.057724,6.072788
3.459477,2.797458
4.400559,1.918236
4.906284,4.829292
6.201483,1.689477
4.442418,3.748468
4.489076,2.656489
0.072224,4.517580
1.430675,5.868978
4.335027,1.714939
1.179703,1.851977
4.049867,6.167334
5.420777,2.903813
5.051904,5.079380
6.128778,4.708304
2.880278,3.647324
0.965128,0.669296
4.047834,2.758774
5.193250,3.240634
5.660468,0.423275
1.205217,1.150946
1.647576,0.050861
3.151586,4.044986
3.042443,4.740929
6.198302,4.564353
6.247639,2.993945
3.727872,5.245211
1.518320,2.794549
4.394695,1.889529
5.474784,4.602065
2.269567,5.329834
3.483968,6.011518
4.739537,2.620753
0.599784,2.811346
4.784130,1.349342
1.440816,1.068734
4.840607,5.323084
0.596963,4.004837
5.833598,4.657902
0.555016,1.680329
4.105648,0.902727
2.441803,6.113934
1.261876,1.760704
4.175608,2.775156
4.959247,1.643857
1.666006,3.923657
5.028457,4.489249
2.418799,6.154224
4.061460,4.313385
0.356861,6.239102
2.251443,2.650321
4.836455,2.825508
5.427938,1.585242
4.356298,4.570226
5.821693,2.707084
2.599829,3.992715
5.552671,0.993097
3.987386,3.888353
6.204429,2.653394
4.787167,2.076296
3.755458,0.120836
3.144766,1.885111
4.681680,3.827950
6.200363,5.280034
0.584556,5.929224
3.879700,3.643586
0.971059,0.259816
4.955790,5.411427
2.607319,2.222526
2.196654,2.765562
3.824234,1.878967
1.193557,2.344642
6.032504,4.761220
2.408119,2.720690
4.807220,0.238125
4.514312,5.296896
0.484937,1.573076
3.811725,4.198178
2.270719,6.099631
3.982980,4.691304
3.452959,6.219611
3.317652,4.843503
5.896904,3.273624
4.072891,2.180249
5.842019,1.242028
2.330978,4.746716
3.002733,2.371420
4.199517,5.517278
3.827130,5.199068
2.800192,5.363227
1.278017,4.160050
5.876166,5.846622
1.889103,0.321695
5.352129,0.505322
4.629746,3.195739
1.464933,1.936564
2.668031,3.897482
3.887912,5.794082
0.181539,2.646157
2.674867,1.971002
4.772505,4.234803
4.665997,2.496444
0.588462,2.791628
4.752652,1.377318
3.199613,1.414165
6.232528,5.617312
1.313985,4.395673
5.864918,4.511279
1.192128,4.274965
2.114015,4.382396
2.868551,3.899223
4.053485,1.083306
3.697949,1.857488
0.190917,1.642567
4.507825,5.617797
5.593129,5.789319
4.707377,4.121647
4.572881,4.890526
0.156426,4.599063
5.979837,4.656736
2.945289,0.839007
1.473080,4.831732
4.796388,3.928456
3.468382,3.014647
5.816221,0.093521
6.178161,5.522429
1.287135,6.067553
5.868386,5.406632
0.156329,1.130881
0.563735,4.959285
1.636272,2.230164
2.858989,3.385341
0.990947,5.477465
3.543004,4.646984
4.971552,1.535949
0.046649,4.014450
4.996552,3.959833
5.760207,4.565572
5.849700,3.450182
5.887156,3.281171
4.672931,2.669733
1.147923,3.253906
5.079546,0.568711
5.030493,4.419517
0.557099,0.027632
2.357967,2.355786
2.409020,2.959865
3.313942,3.592090
3.293618,5.787299
0.698839,1.506726
5.296388,0.787126
3.523921,6.259819
2.576524,0.734637
2.030786,3.710559
0.033318,3.388783
0.408697,4.831842
5.940918,5.517628
6.212418,1.366137
1.517385,6.139191
2.864628,2.509056
3.878580,0.646303
3.746473,1.262778
2.346480,4.266868
0.914187,2.367624
2.120092,6.061988
1.741861,1.683891
1.997975,1.414757
2.477547,0.670704
0.296072,0.767780
3.429024,4.063362
3.129160,4.795386
4.889789,4.716747
2.143724,5.379663
6.211991,1.974284
0.494493,5.535779
0.546125,3.686033
5.560742,5.764909
4.219579,6.110621
0.436102,4.770746
2.284272,5.068875
1.983871,0.190982
1.662416,4.751590
4.556211,0.910313
0.270530,2.711516
0.344927,4.558927
0.330249,3.649619
2.470152,4.258610
1.753600,3.123740
2.896001,3.493217
0.032078,4.201811
5.480955,4.832146
2.074915,3.090784
4.552754,5.283967
4.396994,5.510946
1.312363,6.250687
3.805745,3.848431
5.804610,6.135259
5.007789,0.516704
5.027395,1.029565
0.047450,1.276189
1.732051,4.050224
4.531777,1.006448
2.908896,2.312923
4.461237,2.703256
5.666700,0.000912
0.678365,5.796457
0.613251,2.542201
1.936084,3.181881
0.941683,4.848237
3.042898,5.725357
2.189896,1.557691
2.889272,5.843200
4.207134,3.900927
3.724082,0.856074
2.108537,0.288997
5.706046,2.031335
5.207237,0.880659
5.090479,2.869054
4.032007,1.134420
2.485657,1.618848
4.144851,4.331040
5.419686,2.391889
1.776075,5.907147
2.724396,0.175700
3.574619,2.884097
1.761932,0.776368
0.026896,3.171145
1.194577,1.694377
5.055967,1.550367
0.216783,0.398448
2.169238,2.521445
4.464878,6.065277
2.528811,2.992808
2.868197,3.403217
0.950444,5.298872
2.267490,3.952382
2.561718,4.637375
1.327035,1.777356
2.938828,2.259244
4.146609,1.939193
2.502501,6.047507
2.111259,6.111634
2.128850,4.708004
5.048955,2.018319
1.662200,1.863639
3.653742,2.590691
2.242517,4.602412
2.818281,1.253489
0.315633,6.143458
2.575260,5.001790
0.804964,0.564656
5.291800,1.208665
2.294032,5.176067
5.957121,0.927812
1.389461,3.093838
4.394060,1.650192
4.045367,1.135255
2.861952,5.219197
2.616573,0.785791
2.233223,0.176549
1.519421,1.677463
1.875733,4.817880
3.840345,6.118646
1.759649,5.276792
4.264911,2.641500
2.281184,2.998094
1.180368,2.541938
1.091521,3.990877
4.466792,2.105309
2.463129,3.376819
5.842051,5.604481
2.201881,0.409364
0.725120,3.272331
0.243190,3.687367
2.236239,1.367425
0.564938,1.033743
4.459310,1.042871
1.320991,3.540932
5.285278,5.892842
4.669828,4.211083
4.255216,0.940508
3.207776,3.091235
4.546450,5.343672
0.292734,5.153118
0.224494,0.682113
4.134608,0.742646
3.191678,3.442264
4.803936,0.741611
3.081454,0.197322
0.637762,4.834391
2.426775,4.704702
1.486598,3.479108
3.746586,0.045355
1.081558,2.850652
1.668675,2.056052
4.979105,3.965506
0.565948,0.635269
4.174632,2.885793
2.630875,1.204990
4.621415,1.962043
4.653029,5.708559
0.706570,1.785297
0.378484,3.700155
3.577037,5.633877
0.488591,1.241780
0.044617,5.046112
2.926585,1.921055
3.504300,0.135941
3.392819,0.573755
4.911571,0.447110
4.254447,3.627358
2.173294,2.142928
1.775033,0.253604
3.363902,2.081659
2.367523,5.367127
4.739397,6.079243
1.596909,1.939960
4.835913,3.885786
5.983729,5.828788
1.922854,0.095714
1.370915,2.028786
6.217053,0.316486
5.765315,1.574608
4.104507,3.906574
4.014139,0.298710
0.800352,4.795870
4.147083,3.831123
2.584536,3.611907
5.332300,0.642219
4.316902,4.534233
5.599212,4.355319
4.079355,0.758945
0.129992,5.205193
2.577044,0.284030
3.011794,0.701986
5.388067,3.080144
4.391200,1.181144
3.804612,0.391853
1.967226,5.667839
5.583002,4.366555
3.139644,1.231358
3.871318,0.016403
5.468547,0.694331
4.566685,5.946949
4.150394,0.421973
3.919021,5.382767
1.859801,5.664455
1.758915,4.857950
2.865892,5.992004
3.961837,3.147335
1.721169,2.850956
1.703766,0.844435
5.841201,3.933523
5.796715,2.415135
3.411260,4.744502
0.268181,3.099421
0.255782,0.753361
4.564422,2.590434
4.135245,3.962572
3.906069,6.199519
1.175031,5.183839
5.088977,5.241942
2.904408,5.716980
3.125570,2.829760
0.968906,3.225351
2.238364,4.392666
1.269580,0.835324
3.338130,3.273249
3.585816,5.807794
4.674031,5.767186
1.564212,4.554220
3.336952,3.566992
1.211167,5.482874
4.510468,1.476399
0.532426,2.254919
3.879409,1.564477
0.654872,1.558403
0.533665,3.987527
2.713530,1.093692
6.156530,1.189567
2.587241,1.595090
4.296862,3.731975
1.470817,5.695924
4.723822,1.478821
1.418262,2.776237
0.809161,2.297165
4.926437,1.806181
1.271334,1.069441
1.970400,2.525778
6.006682,0.793515
5.921112,0.859276
1.447443,2.735192
5.669791,1.772152
4.078498,0.324448
4.508260,0.538717
0.906211,2.163953
0.056738,2.211057
1.469735,5.559199
3.236264,2.605018
5.961140,4.623676
2.993255,0.231592
4.285767,4.973763
2.234037,1.304203
5.490108,2.902416
1.097727,3.362760
2.358317,2.111490
5.516457,6.273457
5.033164,1.404283
1.596640,5.820588
1.569571,2.657224
3.669596,1.137730
2.189878,5.435633
5.785953,5.100708
2.211481,6.190942
1.581939,3.237209
1.314494,2.096914
4.879510,5.810944
4.220905,2.152467
0.648916,2.893950
4.850393,5.194711
3.511132,3.344061
5.344996,3.356927
3.131314,0.229781
1.934536,2.140832
3.853080,6.237834
4.462656,5.395423
0.663994,2.201803
5.844966,0.127187
0.361456,0.371352
5.877630,0.878691
0.792981,3.931834
0.841363,4.566531
0.644036,1.531588
0.465448,3.115341
2.852686,2.672071
3.902251,4.604277
4.861089,2.201921
3.865306,3.882997
5.236021,5.352865
0.988269,5.774154
5.679112,2.561177
1.087171,5.317613
3.619834,0.606311
4.453209,5.072961
3.052863,5.849226
0.184744,5.757168
6.204542,2.672645
4.441259,3.524122
2.129830,3.951121
1.384182,4.019330
3.634596,2.585924
1.721419,4.524103
3.287306,3.556279
3.537728,1.877010
3.717716,2.402542
2.889248,6.150960
0.656944,0.763596
3.783213,0.903966
3.831129,3.587385
0.436823,1.881982
3.560545,2.107665
2.233024,4.858341
5.952996,4.395345
3.184187,1.137603
4.500781,1.886517
3.437885,6.185096
3.238447,5.345059
1.979534,1.749236
2.007820,4.476374
5.958492,4.981018
3.776877,2.439153
1.922581,2.031902
0.659468,4.559352
4.041618,4.694596
0.275030,0.779392
4.460955,1.371035
6.133150,5.023677
5.395169,0.680759
2.104319,4.769609
1.785024,4.000027
3.202069,2.651219
4.632176,4.863277
2.488544,4.539164
1.611417,3.316545
1.047258,1.717154
0.648593,5.133625
2.783476,5.882877
3.011797,1.501042
1.921933,3.562310
0.541596,4.132422
4.305609,6.094334
6.162820,1.460637
1.503123,4.978874
0.447460,5.736627
2.832776,1.675886
0.036004,4.597411
4.755026,4.449053
2.924996,2.627983
4.522017,2.629764
1.409572,4.435414
1.729956,4.687316
5.734540,0.331266
5.905332,3.805234
2.036018,0.995539
5.744241,4.927413
0.880392,0.025856
0.040078,1.241998
2.445587,0.836712
0.246602,5.732440
4.105230,1.643134
3.391439,1.510172
5.680329,2.051237
3.062871,5.429948
1.050223,5.059973
2.155994,0.313571
1.323388,3.440200
1.829378,1.241611
5.267160,0.552101
4.856609,6.201834
6.022930,3.142350
1.350139,1.338089
3.521331,0.926076
1.177219,4.129631
4.409461,0.851108
4.101834,1.379745
5.812764,4.497018
4.813399,0.322933
3.597654,4.575583
2.450142,3.746363
5.462229,2.775593
4.467444,4.888707
5.851959,5.676694
4.150796,3.373475
3.424663,1.035192
4.694545,2.009112
4.580002,3.315574
0.670003,0.019373
3.084925,4.508606
4.909111,0.125303
2.812330,0.872296
1.673589,3.264457
1.598680,2.372427
5.563954,4.346032
2.872442,5.717918
1.322592,0.344125
3.411865,4.858275
2.983285,1.883402
1.706579,1.622583
2.040962,4.552852
5.256897,4.335262
4.314928,4.274656
3.725752,1.397344
5.444561,3.654911
6.052753,3.587195
5.666701,1.533710
5.544510,1.900450
0.239925,2.319857
1.144884,4.785321
4.031265,1.577903
1.271418,6.265149
0.357507,6.038032
0.299985,4.995651
4.186805,1.813022
2.268064,0.166909
2.174040,1.042654
3.433282,3.764094
2.541048,4.279045
4.737224,2.484288
5.089660,1.003827
4.597275,3.327542
0.132523,4.458025
2.485501,2.860461
4.592457,4.454497
1.005004,1.018861
3.125695,4.000395
3.062469,4.562697
4.264017,0.063591
2.056761,2.659678
0.047765,3.603955
2.287533,4.205953
1.435360,3.162625
4.629567,5.796243
4.969408,1.428850
6.271453,5.947975
3.432890,0.579931
0.696574,5.780139
0.282157,4.484810
1.192478,5.844797
4.315874,1.062527
3.954047,5.545466
4.479015,1.293764
2.767860,1.636466
3.970029,2.606342
4.425576,0.558780
5.615818,1.275204
2.910736,4.802094
1.766406,1.497977
0.987266,2.053098
0.320289,1.939402
2.948661,0.523795
3.019334,3.711048
6.143740,3.551336
1.795944,0.947769
4.168966,1.661838
0.313093,4.931626
2.034151,3.449153
4.761643,2.616577
2.071423,3.593797
1.346220,5.740672
4.026560,4.015012
5.537401,2.845724
2.605997,2.645295
1.793988,4.536922
3.009109,1.500258
1.861950,4.096996
4.396011,1.518993
4.322928,5.940709
5.928798,1.953863
5.690031,0.922356
0.032292,1.447460
2.871949,1.984733
5.835880,2.308309
3.294240,4.245863
4.325522,0.795281
0.356768,5.603308
2.254645,5.132664
5.451930,5.053624
5.195628,3.139018
2.287338,4.053617
4.572284,2.200161
