9880,10784,11261,10609,8301,8522,8191,9882,10826,10206,10237,9660,9824,10637,9694,8190,7950,8390,11551,11305,9834,9635,9863,10855,11412,9199,7915,7909,9893,10870,9944,9373
10475,10324,9931,10212,10984,9960,8354,8134,8553,10965,11798,9876,9165,9406,10429,12141,8974,7802,8083,9822,11267,9976,9613,9999,10358,10888,9883,8257,8185,8193,9779,10383
11790,11110,10041,9656,9753,10631,11629,9344,7980,8042,9612,10806,9888,9286,10061,10639,11058,10519,8225,8309,8180,10123,10977,10264,10187,9918,9577,10563,9801,8213,7842,8167
7911,9813,11015,10135,9623,9980,10354,10952,10149,8357,8331,8210,9787,10459,10434,10562,9804,10187,10957,10077,8246,8102,8538,10990,11614,9859,9338,9403,10346,12026,8994,7803
8248,8400,8191,10043,11130,10018,10187,9698,9562,10772,9815,8201,7781,8464,11536,11422,10093,9624,9643,10762,11578,9180,7984,8099,9582,10878,9827,9377,9950,10761,11180,10449
11215,10193,8152,7989,8623,10732,11754,9840,9417,9646,10277,11933,9076,7990,8126,9653,11151,10183,9695,10015,10287,11171,9889,8212,8291,8259,9859,10426,10188,10505,9810,10149
9838,10796,11323,9307,7945,7998,9579,10936,9903,9476,9944,10577,11132,10481,8166,8176,8242,10135,10902,10150,10267,9997,9781,10623,9676,8175,8021,8298,11582,11420,9947,9580
9723,10180,10384,11195,10048,8160,8222,8296,9922,10329,10658,10490,9880,10234,11182,9920,8074,7993,8579,10912,11704,9918,9342,9500,10448,12132,8909,7821,7996,9622,11137,10025
11095,10191,10114,9641,9543,10493,9793,8114,8049,8392,11711,11410,9886,9647,9802,10739,11514,9207,8147,7996,9674,10937,9847,9369,9956,10726,11110,10575,8401,8286,8136,10159
8708,11024,11892,9915,9211,9409,10152,11929,9083,7727,7911,9901,11149,10174,9771,9896,10292,11079,10126,8210,8226,8321,9905,10569,10503,10318,9936,10154,11203,10246,8228,7978
7968,8079,9447,10713,9855,9322,9969,10717,11158,10427,8229,8365,8264,10065,10886,10420,10206,9843,9729,10625,9749,8178,8051,8267,11498,11531,9969,9655,9802,10733,11431,9465
9905,8135,8093,8384,9947,10527,10372,10368,9937,10218,11143,10138,8277,7907,8450,11057,11685,9880,9359,9458,10399,11991,9104,7810,8022,9743,11200,10185,9721,9995,10295,11200
9852,10538,9799,8187,7916,8349,11561,11303,9839,9538,9920,10835,11508,9143,8175,8046,9771,10810,9992,9445,9761,10592,11175,10482,8152,8373,8207,10033,11096,10341,10158,9890
9349,9548,10353,12125,9081,7858,7919,9985,11059,10153,9814,9828,10266,11073,10007,8201,8372,8291,9759,10408,10416,10376,9964,10113,11105,10089,8150,8042,8574,11018,11944,9896
9845,9434,9667,10493,11002,10214,8283,8481,8191,9920,10866,10277,9983,9766,9591,10629,9844,8307,8143,8357,11426,11162,10105,9589,10007,10877,11321,9146,7848,7957,9701,10973
9820,10359,10665,10417,9805,10014,11031,10234,8106,7901,8687,11101,12030,9802,9366,9445,10344,12042,8915,7940,7872,9892,11268,9975,9778,9887,10339,11025,10078,8164,8421,8302
8063,8452,11501,11564,9871,9502,9871,10822,11641,9172,7818,7999,9622,10986,9867,9250,9784,10639,11128,10280,8419,8337,8164,10076,11140,10136,10145,9786,9735,10620,9675,8176
9072,7960,8120,9851,11027,10027,9685,10048,10273,11118,10103,8283,8434,8304,9858,10467,10506,10561,9903,10008,11148,10164,8088,8047,8661,11097,11822,10053,9376,9382,10473,12056
11132,10448,8407,8369,8245,10037,10828,10215,10342,9680,9726,10562,9887,8190,8002,8306,11520,11370,9879,9582,10016,10763,11590,9112,7716,7981,9641,10971,10076,9508,9955,10675
9897,9717,11140,10148,8005,7848,8464,10819,11657,9840,9381,9431,10358,11716,8997,8109,7948,9880,11047,10269,9941,10082,10378,11174,9832,8077,8134,8425,9722,10474,10535,10473
9915,9426,9661,10837,11364,9240,8008,8078,9647,10855,9769,9453,9801,10576,11161,10393,8385,8499,8203,10065,10884,10239,10133,9692,9599,10691,9852,8374,7974,8352,11776,11491
11261,10046,9813,10083,10250,10835,10064,8266,8243,8393,9846,10491,10542,10614,9834,9938,11133,10078,8177,8004,8509,10745,11760,9647,9486,9284,10259,11830,9182,7945,7913,9840
8007,10072,10986,10247,10207,9642,9804,10581,9695,8170,7961,8405,11548,11553,10055,9632,9703,10781,11345,9187,7872,8053,9698,10969,10041,9299,9936,10545,11398,10350,8227,8330
8180,8088,8390,11077,11617,9956,9343,9595,10524,12103,9024,8007,7850,9863,11074,9874,9736,9775,10305,11033,9989,8367,8473,8389,9979,10592,10344,10447,9877,9907,11139,10233
11346,9100,7961,8041,9606,10830,9804,9407,9913,10767,11129,10334,8398,8424,8270,10221,10852,10315,10249,9865,9718,10564,9906,8226,7924,8303,11516,11561,9954,9654,9717,10825
10118,11091,10058,8147,8251,8256,9866,10203,10330,10262,9781,9865,11087,10162,8134,7957,8763,11104,11708,9738,9429,9392,10279,11871,9048,7818,7983,9846,11161,10159,9569,9919
10407,9824,9728,10723,9737,8429,7831,8414,11515,11449,10034,9683,9728,10771,11234,9252,7934,7938,9628,10782,9844,9504,9789,10853,11223,10482,8249,8378,8110,10076,11011,10484
11832,9807,9440,9390,10444,11824,9076,7857,7961,9660,11037,10273,9680,9889,10431,11084,9976,8206,8156,8185,9935,10499,10453,10400,9968,10097,11014,10036,8163,7923,8532,11100
9502,10896,9943,9396,9873,10597,11121,10550,8378,8243,8274,10022,11101,10025,10105,9667,9697,10560,9898,8222,7947,8338,11626,11311,9979,9531,9845,10700,11410,9297,8018,7851
7999,8370,9826,10335,10459,10251,9965,10082,10951,10016,8280,7945,8497,10864,11962,9740,9484,9356,10274,12144,9167,8018,7941,9837,11115,10137,9588,9964,10360,10942,10146,8187
9767,8301,7919,8501,11327,11424,9773,9738,9583,10677,11403,9191,8021,7895,9728,10997,9781,9352,9995,10761,11172,10301,8368,8492,8353,9977,10818,9943,10113,9628,9734,10503
10560,11843,8984,7905,7782,9786,11179,10107,9798,9895,10306,11119,10008,8159,8311,8271,9784,10435,10548,10554,9855,9980,10956,10127,8189,7889,8633,10915,11895,9909,9405,9360
