bin,count
0,38711
1,38684
2,38601
3,38991
4,38684
5,38901
6,38559
7,38630
8,38765
9,38628
10,38839
11,38549
12,38687
13,38584
14,39091
15,39113
16,39060
17,38719
18,38921
19,38894
20,38847
21,38530
22,38907
23,38860
24,38962
25,38601
26,38744
27,38461
28,39808
29,39897
30,39797
31,39484
32,40200
33,39834
34,39671
35,39916
36,40027
37,40114
38,39954
39,39892
40,39831
41,39479
42,39669
43,39202
44,38711
45,38594
46,38937
47,38202
48,38947
49,38778
50,38676
51,38113
52,38516
53,38682
54,39041
55,38629
56,38589
57,38746
58,38893
59,38779
60,38811
61,38827
62,39114
63,38623
64,38659
65,38897
66,38773
67,38669
68,38690
69,38766
70,38628
71,38484
72,38734
73,38432
74,38709
75,38558
76,38608
77,39038
78,38764
79,38494
80,38568
81,39304
82,38803
83,38691
84,38857
85,38515
86,38655
87,38639
88,39169
89,39090
90,38450
91,38676
92,38868
93,38790
94,38795
95,38931
96,38384
97,38480
98,38516
99,38835
100,38636
101,38697
102,38505
103,38875
104,38559
105,38795
106,38833
107,38631
108,38772
109,38656
110,38770
111,38449
112,38383
113,38415
114,38774
115,38806
116,38749
117,38905
118,39434
119,38931
120,38953
121,38864
122,39004
123,39051
124,39153
125,38749
126,39103
127,38985
128,38939
129,38979
130,38866
131,39308
132,38840
133,39136
134,39541
135,39334
136,39558
137,39488
138,39260
139,39415
140,39557
141,39887
142,40013
143,40095
144,40415
145,41012
146,40308
147,40083
148,40007
149,40135
150,39902
151,39735
152,39604
153,39740
154,39886
155,39366
156,39361
157,39290
158,39394
159,39585
160,39431
161,39468
162,39282
163,39415
164,39006
165,39295
166,39111
167,39666
168,39429
169,39588
170,39056
171,39198
172,39481
173,39311
174,39668
175,39506
176,39924
177,39524
178,39553
179,40027
180,40010
181,40454
182,40447
183,40158
184,39494
185,39502
186,39878
187,39426
188,39238
189,39383
190,39615
191,39502
192,39221
193,39289
194,39273
195,39039
196,39354
197,39214
198,39270
199,38929
200,39125
201,39214
202,38911
203,39044
204,39195
205,38783
206,39262
207,39002
208,38906
209,38837
210,39196
211,38701
212,38697
213,38626
214,39186
215,38692
216,38765
217,38487
218,38748
219,39037
220,39030
221,38854
222,38941
223,39091
224,38807
225,39280
226,38700
227,38927
228,38665
229,39447
230,38872
231,38759
232,39004
233,38739
234,39061
235,38764
236,38636
237,38530
238,38689
239,38855
240,39041
241,39078
242,39069
243,38758
244,38814
245,38149
246,38662
247,38397
248,38828
249,38524
250,38593
251,38834
252,38686
253,38361
254,38846
255,38759
