family,p,q,K,param,lambda1,period,escaped,acf_max_1_64,acf_argmax_1_64,acf_pos_peak_lag,acf_tail_max_65_512,acf_tail_argmax,acf_floor_3sigma,N
logistic,3,5,0.005,3.500000,-0.43405,4,0,0.99980,4,4,0.99660,68,0.02121,20000
logistic,3,5,0.005,3.501000,-0.46476,4,0,0.99980,4,4,0.99660,68,0.02121,20000
logistic,3,5,0.005,3.502000,-0.49987,4,0,0.99980,4,4,0.99660,68,0.02121,20000
logistic,3,5,0.005,3.503000,-0.54081,4,0,0.99980,4,4,0.99660,68,0.02121,20000
logistic,3,5,0.005,3.504000,-0.58993,4,0,0.99980,4,4,0.99660,68,0.02121,20000
logistic,3,5,0.005,3.505000,-0.65126,4,0,0.99980,4,4,0.99660,68,0.02121,20000
logistic,3,5,0.005,3.506000,-0.67837,4,0,0.99980,4,4,0.99660,68,0.02121,20000
logistic,3,5,0.005,3.507000,-0.60845,4,0,0.99980,4,4,0.99660,68,0.02121,20000
logistic,3,5,0.005,3.508000,-0.55379,4,0,0.99980,4,4,0.99660,68,0.02121,20000
logistic,3,5,0.005,3.509000,-0.50890,4,0,0.99980,4,4,0.99660,68,0.02121,20000
logistic,3,5,0.005,3.510000,-0.47080,4,0,0.99980,4,4,0.99660,68,0.02121,20000
logistic,3,5,0.005,3.511000,-0.43770,4,0,0.99980,4,4,0.99660,68,0.02121,20000
logistic,3,5,0.005,3.512000,-0.40843,4,0,0.99980,4,4,0.99660,68,0.02121,20000
logistic,3,5,0.005,3.513000,-0.38219,4,0,0.99980,4,4,0.99660,68,0.02121,20000
logistic,3,5,0.005,3.514000,-0.35840,4,0,0.99980,4,4,0.99660,68,0.02121,20000
logistic,3,5,0.005,3.515000,-0.33666,4,0,0.99980,4,4,0.99660,68,0.02121,20000
logistic,3,5,0.005,3.516000,-0.31662,4,0,0.99980,4,4,0.99660,68,0.02121,20000
logistic,3,5,0.005,3.517000,-0.29804,4,0,0.99980,4,4,0.99660,68,0.02121,20000
logistic,3,5,0.005,3.518000,-0.28072,4,0,0.99980,4,4,0.99660,68,0.02121,20000
logistic,3,5,0.005,3.519000,-0.26450,4,0,0.99980,4,4,0.99660,68,0.02121,20000
logistic,3,5,0.005,3.520000,-0.24925,4,0,0.99980,4,4,0.99660,68,0.02121,20000
logistic,3,5,0.005,3.521000,-0.23485,4,0,0.99980,4,4,0.99660,68,0.02121,20000
logistic,3,5,0.005,3.522000,-0.22121,4,0,0.99980,4,4,0.99660,68,0.02121,20000
logistic,3,5,0.005,3.523000,-0.20826,4,0,0.99980,4,4,0.99660,68,0.02121,20000
logistic,3,5,0.005,3.524000,-0.19593,4,0,0.99980,4,4,0.99660,68,0.02121,20000
logistic,3,5,0.005,3.525000,-0.18416,4,0,0.99980,4,4,0.99660,68,0.02121,20000
logistic,3,5,0.005,3.526000,-0.17290,4,0,0.99980,4,4,0.99660,68,0.02121,20000
logistic,3,5,0.005,3.527000,-0.16211,4,0,0.99980,4,4,0.99660,68,0.02121,20000
logistic,3,5,0.005,3.528000,-0.15175,4,0,0.99980,4,4,0.99660,68,0.02121,20000
logistic,3,5,0.005,3.529000,-0.14179,4,0,0.99980,4,4,0.99660,68,0.02121,20000
logistic,3,5,0.005,3.530000,-0.13219,4,0,0.99980,4,4,0.99660,68,0.02121,20000
logistic,3,5,0.005,3.531000,-0.12294,4,0,0.99980,4,4,0.99660,68,0.02121,20000
logistic,3,5,0.005,3.532000,-0.11400,4,0,0.99980,4,4,0.99660,68,0.02121,20000
logistic,3,5,0.005,3.533000,-0.10535,4,0,0.99980,4,4,0.99660,68,0.02121,20000
logistic,3,5,0.005,3.534000,-0.09699,4,0,0.99980,4,4,0.99660,68,0.02121,20000
logistic,3,5,0.005,3.535000,-0.08888,4,0,0.99980,4,4,0.99660,68,0.02121,20000
logistic,3,5,0.005,3.536000,-0.08101,4,0,0.99980,4,4,0.99660,68,0.02121,20000
logistic,3,5,0.005,3.537000,-0.07337,4,0,0.99980,4,4,0.99660,68,0.02121,20000
logistic,3,5,0.005,3.538000,-0.06595,4,0,0.99980,4,4,0.99660,68,0.02121,20000
logistic,3,5,0.005,3.539000,-0.05873,4,0,0.99980,4,4,0.99660,68,0.02121,20000
logistic,3,5,0.005,3.540000,-0.05170,4,0,0.99980,4,4,0.99660,68,0.02121,20000
logistic,3,5,0.005,3.541000,-0.04485,4,0,0.99980,4,4,0.99660,68,0.02121,20000
logistic,3,5,0.005,3.542000,-0.03817,4,0,0.99980,4,4,0.99660,68,0.02121,20000
logistic,3,5,0.005,3.543000,-0.03166,4,0,0.99980,4,4,0.99660,68,0.02121,20000
logistic,3,5,0.005,3.544000,-0.02531,4,0,0.99980,4,4,0.99660,68,0.02121,20000
logistic,3,5,0.005,3.545000,-0.01910,4,0,0.99980,4,4,0.99660,68,0.02121,20000
logistic,3,5,0.005,3.546000,-0.01303,4,0,0.99980,4,4,0.99660,68,0.02121,20000
logistic,3,5,0.005,3.547000,-0.00710,4,0,0.99980,4,4,0.99660,68,0.02121,20000
logistic,3,5,0.005,3.548000,-0.00129,8,0,0.99980,4,4,0.99660,68,0.02121,20000
logistic,3,5,0.005,3.549000,-0.00920,8,0,0.99960,8,8,0.99640,72,0.02121,20000
logistic,3,5,0.005,3.550000,-0.02223,8,0,0.99960,8,8,0.99640,72,0.02121,20000
logistic,3,5,0.005,3.551000,-0.02831,8,0,0.99960,8,8,0.99640,72,0.02121,20000
logistic,3,5,0.005,3.552000,-0.02758,8,0,0.99960,8,8,0.99640,72,0.02121,20000
logistic,3,5,0.005,3.553000,-0.02998,8,0,0.99960,8,8,0.99640,72,0.02121,20000
logistic,3,5,0.005,3.554000,-0.03589,8,0,0.99960,8,8,0.99640,72,0.02121,20000
logistic,3,5,0.005,3.555000,-0.04505,8,0,0.99960,8,8,0.99640,72,0.02121,20000
logistic,3,5,0.005,3.556000,-0.05716,8,0,0.99960,8,8,0.99640,72,0.02121,20000
logistic,3,5,0.005,3.557000,-0.07224,8,0,0.99960,8,8,0.99640,72,0.02121,20000
logistic,3,5,0.005,3.558000,-0.09070,8,0,0.99960,8,8,0.99640,72,0.02121,20000
logistic,3,5,0.005,3.559000,-0.11348,8,0,0.99960,8,8,0.99640,72,0.02121,20000
logistic,3,5,0.005,3.560000,-0.14240,8,0,0.99960,8,8,0.99640,72,0.02121,20000
logistic,3,5,0.005,3.561000,-0.18121,8,0,0.99960,8,8,0.99640,72,0.02121,20000
logistic,3,5,0.005,3.562000,-0.04199,8,0,0.99960,8,8,0.99640,72,0.02121,20000
logistic,3,5,0.005,3.563000,-0.06498,8,0,0.99960,8,8,0.99640,72,0.02121,20000
logistic,3,5,0.005,3.564000,-0.07891,8,0,0.99960,8,8,0.99640,72,0.02121,20000
logistic,3,5,0.005,3.565000,-0.05668,8,0,0.99960,8,8,0.99640,72,0.02121,20000
logistic,3,5,0.005,3.566000,-0.03705,8,0,0.99960,8,8,0.99640,72,0.02121,20000
logistic,3,5,0.005,3.567000,-0.02050,8,0,0.99960,8,8,0.99640,72,0.02121,20000
logistic,3,5,0.005,3.568000,-0.00578,8,0,0.99960,8,8,0.99640,72,0.02121,20000
logistic,3,5,0.005,3.569000,-0.01787,16,0,0.99941,8,8,0.99621,72,0.02121,20000
logistic,3,5,0.005,3.570000,-0.07123,16,0,0.99920,16,16,0.99600,80,0.02121,20000
logistic,3,5,0.005,3.571000,-0.05417,16,0,0.99920,16,16,0.99600,80,0.02121,20000
logistic,3,5,0.005,3.572000,-0.02946,16,0,0.99920,16,16,0.99600,80,0.02121,20000
logistic,3,5,0.005,3.573000,-0.01963,32,0,0.99917,16,16,0.99597,80,0.02121,20000
logistic,3,5,0.005,3.574000,0.00926,0,0,0.99904,16,16,0.99584,80,0.02121,20000
logistic,3,5,0.005,3.575000,0.04333,0,0,0.99894,16,16,0.99569,80,0.02121,20000
logistic,3,5,0.005,3.576000,0.05011,0,0,0.99842,16,16,0.99547,72,0.02121,20000
logistic,3,5,0.005,3.577000,0.05353,0,0,0.99796,24,24,0.99496,72,0.02121,20000
logistic,3,5,0.005,3.578000,0.07045,0,0,0.99694,24,24,0.99423,72,0.02121,20000
logistic,3,5,0.005,3.579000,0.08702,0,0,0.99679,8,8,0.99054,72,0.02121,20000
logistic,3,5,0.005,3.580000,0.08729,0,0,0.99576,8,8,0.98886,72,0.02121,20000
logistic,3,5,0.005,3.581000,0.09612,0,0,0.99507,8,8,0.98829,68,0.02121,20000
logistic,3,5,0.005,3.582000,0.08557,0,0,0.99270,8,8,0.98683,68,0.02121,20000
logistic,3,5,0.005,3.583000,0.10029,0,0,0.99296,8,8,0.98539,72,0.02121,20000
logistic,3,5,0.005,3.584000,0.10648,0,0,0.99141,8,8,0.98520,72,0.02121,20000
logistic,3,5,0.005,3.585000,0.10638,0,0,0.98861,8,8,0.98364,68,0.02121,20000
logistic,3,5,0.005,3.586000,0.06580,0,0,0.99940,12,12,0.99640,72,0.02121,20000
logistic,3,5,0.005,3.587000,0.07556,0,0,0.99935,12,12,0.99640,72,0.02121,20000
logistic,3,5,0.005,3.588000,0.09995,0,0,0.99267,12,12,0.98107,72,0.02121,20000
logistic,3,5,0.005,3.589000,0.11928,0,0,0.98871,12,12,0.97990,68,0.02121,20000
logistic,3,5,0.005,3.590000,0.12083,0,0,0.98651,12,12,0.97848,68,0.02121,20000
logistic,3,5,0.005,3.591000,0.13012,0,0,0.98418,20,20,0.97790,68,0.02121,20000
logistic,3,5,0.005,3.592000,0.13523,0,0,0.98233,24,24,0.97745,68,0.02121,20000
logistic,3,5,0.005,3.593000,0.14181,0,0,0.98050,12,12,0.97546,68,0.02121,20000
logistic,3,5,0.005,3.594000,0.14146,0,0,0.98027,16,16,0.97292,68,0.02121,20000
logistic,3,5,0.005,3.595000,0.15515,0,0,0.97647,16,16,0.97290,80,0.02121,20000
logistic,3,5,0.005,3.596000,0.16268,0,0,0.97287,20,20,0.97039,72,0.02121,20000
logistic,3,5,0.005,3.597000,0.17158,0,0,0.97202,4,4,0.93877,68,0.02121,20000
logistic,3,5,0.005,3.598000,0.17376,0,0,0.97111,4,4,0.92840,68,0.02121,20000
logistic,3,5,0.005,3.599000,0.17411,0,0,0.96948,4,4,0.92232,66,0.02121,20000
logistic,3,5,0.005,3.600000,0.17721,0,0,0.96756,4,4,0.92011,66,0.02121,20000
logistic,3,5,0.005,3.601000,0.16714,0,0,0.96297,4,4,0.92018,68,0.02121,20000
logistic,3,5,0.005,3.602000,0.17266,0,0,0.96195,4,4,0.91915,76,0.02121,20000
logistic,3,5,0.005,3.603000,0.17634,0,0,0.96157,4,4,0.91343,68,0.02121,20000
logistic,3,5,0.005,3.604000,0.18236,0,0,0.96099,4,4,0.91161,68,0.02121,20000
logistic,3,5,0.005,3.605000,0.18178,0,0,0.95725,4,4,0.90848,66,0.02121,20000
logistic,3,5,0.005,3.606000,0.18503,0,0,0.95552,4,4,0.90978,72,0.02121,20000
logistic,3,5,0.005,3.607000,0.18984,0,0,0.95355,4,4,0.90975,70,0.02121,20000
logistic,3,5,0.005,3.608000,0.18736,0,0,0.94853,4,4,0.90668,88,0.02121,20000
logistic,3,5,0.005,3.609000,0.16929,0,0,0.93978,10,10,0.90737,70,0.02121,20000
logistic,3,5,0.005,3.610000,0.16411,0,0,0.99210,10,10,0.97794,70,0.02121,20000
logistic,3,5,0.005,3.611000,0.17122,0,0,0.94261,10,10,0.89764,70,0.02121,20000
logistic,3,5,0.005,3.612000,0.18022,0,0,0.93338,10,10,0.89810,76,0.02121,20000
logistic,3,5,0.005,3.613000,0.18867,0,0,0.93271,4,4,0.89534,114,0.02121,20000
logistic,3,5,0.005,3.614000,0.19227,0,0,0.93193,4,4,0.89317,66,0.02121,20000
logistic,3,5,0.005,3.615000,0.19579,0,0,0.93437,4,4,0.88973,66,0.02121,20000
logistic,3,5,0.005,3.616000,0.20063,0,0,0.93513,4,4,0.88936,76,0.02121,20000
logistic,3,5,0.005,3.617000,0.19714,0,0,0.92656,4,4,0.88091,94,0.02121,20000
logistic,3,5,0.005,3.618000,0.19250,0,0,0.92091,4,4,0.87991,66,0.02121,20000
logistic,3,5,0.005,3.619000,0.20240,0,0,0.92087,4,4,0.88020,88,0.02121,20000
logistic,3,5,0.005,3.620000,0.20487,0,0,0.91876,4,4,0.88332,82,0.02121,20000
logistic,3,5,0.005,3.621000,0.21071,0,0,0.91781,4,4,0.88454,126,0.02121,20000
logistic,3,5,0.005,3.622000,0.21426,0,0,0.91563,4,4,0.88360,68,0.02121,20000
logistic,3,5,0.005,3.623000,0.21429,0,0,0.90749,4,4,0.87984,78,0.02121,20000
logistic,3,5,0.005,3.624000,0.21120,0,0,0.89789,10,10,0.87218,66,0.02121,20000
logistic,3,5,0.005,3.625000,0.21392,0,0,0.89328,4,4,0.86812,124,0.02121,20000
logistic,3,5,0.005,3.626000,0.21624,0,0,0.88932,4,4,0.86681,66,0.02121,20000
logistic,3,5,0.005,3.627000,0.21574,0,0,0.88860,6,6,0.86627,82,0.02121,20000
logistic,3,5,0.005,3.628000,0.21261,0,0,0.89090,6,6,0.85853,82,0.02121,20000
logistic,3,5,0.005,3.629000,0.21135,0,0,0.89671,6,6,0.85000,90,0.02121,20000
logistic,3,5,0.005,3.630000,0.20975,0,0,0.91440,6,6,0.83604,70,0.02121,20000
logistic,3,5,0.005,3.631000,0.20549,0,0,0.97172,6,6,0.91240,66,0.02121,20000
logistic,3,5,0.005,3.632000,0.19972,0,0,0.99967,6,6,0.99665,66,0.02121,20000
logistic,3,5,0.005,3.633000,0.19719,0,0,0.99967,6,6,0.99666,66,0.02121,20000
logistic,3,5,0.005,3.634000,0.18611,0,0,0.99964,6,6,0.99664,66,0.02121,20000
logistic,3,5,0.005,3.635000,-0.07848,6,0,0.99970,6,6,0.99670,66,0.02121,20000
logistic,3,5,0.005,3.636000,-0.01392,6,0,0.99970,6,6,0.99670,66,0.02121,20000
logistic,3,5,0.005,3.637000,-0.09086,12,0,0.99940,12,12,0.99640,72,0.02121,20000
logistic,3,5,0.005,3.638000,-0.01062,12,0,0.99940,12,12,0.99640,72,0.02121,20000
logistic,3,5,0.005,3.639000,0.00757,0,0,0.99917,12,12,0.99607,72,0.02121,20000
logistic,3,5,0.005,3.640000,0.07495,0,0,0.99835,18,18,0.99558,66,0.02121,20000
logistic,3,5,0.005,3.641000,0.19494,0,0,0.92930,6,6,0.82842,66,0.02121,20000
logistic,3,5,0.005,3.642000,0.20596,0,0,0.91931,6,6,0.80548,74,0.02121,20000
logistic,3,5,0.005,3.643000,0.22247,0,0,0.90822,6,6,0.81288,66,0.02121,20000
logistic,3,5,0.005,3.644000,0.22767,0,0,0.90289,6,6,0.81454,88,0.02121,20000
logistic,3,5,0.005,3.645000,0.23207,0,0,0.89588,6,6,0.81156,144,0.02121,20000
logistic,3,5,0.005,3.646000,0.23297,0,0,0.88586,6,6,0.81167,102,0.02121,20000
logistic,3,5,0.005,3.647000,0.23994,0,0,0.86603,6,6,0.81100,90,0.02121,20000
logistic,3,5,0.005,3.648000,0.24470,0,0,0.86218,6,6,0.81228,76,0.02121,20000
logistic,3,5,0.005,3.649000,0.24398,0,0,0.86206,6,6,0.80422,66,0.02121,20000
logistic,3,5,0.005,3.650000,0.24609,0,0,0.85694,6,6,0.79758,68,0.02121,20000
logistic,3,5,0.005,3.651000,0.23636,0,0,0.85007,10,10,0.78998,92,0.02121,20000
logistic,3,5,0.005,3.652000,0.24133,0,0,0.84401,10,10,0.79288,72,0.02121,20000
logistic,3,5,0.005,3.653000,0.24624,0,0,0.84018,6,6,0.78567,100,0.02121,20000
logistic,3,5,0.005,3.654000,0.25359,0,0,0.83888,10,10,0.79450,80,0.02121,20000
logistic,3,5,0.005,3.655000,0.25698,0,0,0.83204,1,10,0.79129,102,0.02121,20000
logistic,3,5,0.005,3.656000,0.26303,0,0,0.83917,1,10,0.80194,78,0.02121,20000
logistic,3,5,0.005,3.657000,0.26770,0,0,0.84375,1,6,0.80403,88,0.02121,20000
logistic,3,5,0.005,3.658000,0.27027,0,0,0.84276,1,6,0.80034,104,0.02121,20000
logistic,3,5,0.005,3.659000,0.26890,0,0,0.84231,1,12,0.79992,76,0.02121,20000
logistic,3,5,0.005,3.660000,0.27396,0,0,0.83551,1,12,0.79110,68,0.02121,20000
logistic,3,5,0.005,3.661000,0.27693,0,0,0.83319,1,6,0.78764,112,0.02121,20000
logistic,3,5,0.005,3.662000,0.28193,0,0,0.83399,1,6,0.78738,84,0.02121,20000
logistic,3,5,0.005,3.663000,0.27912,0,0,0.82651,1,6,0.77555,80,0.02121,20000
logistic,3,5,0.005,3.664000,0.28345,0,0,0.82026,1,6,0.76761,90,0.02121,20000
logistic,3,5,0.005,3.665000,0.28344,0,0,0.81647,1,6,0.76124,66,0.02121,20000
logistic,3,5,0.005,3.666000,0.27599,0,0,0.80126,8,8,0.73632,80,0.02121,20000
logistic,3,5,0.005,3.667000,0.27586,0,0,0.80497,8,8,0.72254,72,0.02121,20000
logistic,3,5,0.005,3.668000,0.28099,0,0,0.80481,8,8,0.73455,228,0.02121,20000
logistic,3,5,0.005,3.669000,0.28320,0,0,0.78845,1,8,0.72046,74,0.02121,20000
logistic,3,5,0.005,3.670000,0.28698,0,0,0.79465,1,8,0.72773,142,0.02121,20000
logistic,3,5,0.005,3.671000,0.29182,0,0,0.79562,1,8,0.72883,84,0.02121,20000
logistic,3,5,0.005,3.672000,0.29467,0,0,0.78895,1,8,0.71882,90,0.02121,20000
logistic,3,5,0.005,3.673000,0.29716,0,0,0.79098,1,8,0.71574,154,0.02121,20000
logistic,3,5,0.005,3.674000,0.30388,0,0,0.79762,1,8,0.72210,86,0.02121,20000
logistic,3,5,0.005,3.675000,0.30642,0,0,0.79890,1,8,0.72153,74,0.02121,20000
logistic,3,5,0.005,3.676000,0.30997,0,0,0.79469,1,8,0.71291,78,0.02121,20000
logistic,3,5,0.005,3.677000,0.30618,0,0,0.78154,1,10,0.68680,70,0.02121,20000
logistic,3,5,0.005,3.678000,0.31286,0,0,0.78348,1,10,0.68879,76,0.02121,20000
logistic,3,5,0.005,3.679000,0.31612,0,0,0.77475,1,10,0.67484,86,0.02121,20000
logistic,3,5,0.005,3.680000,0.32097,0,0,0.77782,1,10,0.67594,78,0.02121,20000
logistic,3,5,0.005,3.681000,0.32306,0,0,0.76638,1,10,0.65262,88,0.02121,20000
logistic,3,5,0.005,3.682000,0.32975,0,0,0.76408,1,14,0.64014,90,0.02121,20000
logistic,3,5,0.005,3.683000,0.33214,0,0,0.77907,1,8,0.50127,65,0.02121,20000
logistic,3,5,0.005,3.684000,0.33499,0,0,0.77184,1,8,0.33196,65,0.02121,20000
logistic,3,5,0.005,3.685000,0.33672,0,0,0.76832,1,2,0.22396,65,0.02121,20000
logistic,3,5,0.005,3.686000,0.33749,0,0,0.75923,1,2,0.10826,65,0.02121,20000
logistic,3,5,0.005,3.687000,0.33982,0,0,0.76113,1,2,0.11318,116,0.02121,20000
logistic,3,5,0.005,3.688000,0.34100,0,0,0.76187,1,2,0.03547,92,0.02121,20000
logistic,3,5,0.005,3.689000,0.34300,0,0,0.76005,1,2,0.06446,110,0.02121,20000
logistic,3,5,0.005,3.690000,0.34387,0,0,0.75352,1,2,0.07359,218,0.02121,20000
logistic,3,5,0.005,3.691000,0.34458,0,0,0.75654,1,2,0.04478,380,0.02121,20000
logistic,3,5,0.005,3.692000,0.34480,0,0,0.75318,1,2,0.04755,172,0.02121,20000
logistic,3,5,0.005,3.693000,0.34631,0,0,0.75099,1,2,0.03803,270,0.02121,20000
logistic,3,5,0.005,3.694000,0.34828,0,0,0.75309,1,2,0.04616,414,0.02121,20000
logistic,3,5,0.005,3.695000,0.34832,0,0,0.75632,1,2,0.06011,487,0.02121,20000
logistic,3,5,0.005,3.696000,0.35103,0,0,0.75399,1,2,0.04989,158,0.02121,20000
logistic,3,5,0.005,3.697000,0.35119,0,0,0.75362,1,2,0.04009,476,0.02121,20000
logistic,3,5,0.005,3.698000,0.35102,0,0,0.75083,1,2,0.05863,135,0.02121,20000
logistic,3,5,0.005,3.699000,0.35247,0,0,0.75424,1,2,0.04010,462,0.02121,20000
logistic,3,5,0.005,3.700000,0.35543,0,0,0.75609,1,2,0.04568,161,0.02121,20000
logistic,3,5,0.005,3.701000,0.35601,0,0,0.75135,1,2,0.05396,382,0.02121,20000
logistic,3,5,0.005,3.702000,0.35641,0,0,0.74764,1,2,0.02749,102,0.02121,20000
logistic,3,5,0.005,3.703000,0.35824,0,0,0.74267,1,2,0.03680,130,0.02121,20000
logistic,3,5,0.005,3.704000,0.36058,0,0,0.73967,1,2,0.05012,65,0.02121,20000
logistic,3,5,0.005,3.705000,0.36132,0,0,0.73626,1,2,0.04128,334,0.02121,20000
logistic,3,5,0.005,3.706000,0.35943,0,0,0.73355,1,2,0.03770,232,0.02121,20000
logistic,3,5,0.005,3.707000,0.35969,0,0,0.73038,1,2,0.04592,466,0.02121,20000
logistic,3,5,0.005,3.708000,0.35828,0,0,0.72946,1,2,0.03338,158,0.02121,20000
logistic,3,5,0.005,3.709000,0.08121,0,0,0.68805,1,14,0.43744,147,0.02121,20000
logistic,3,5,0.005,3.710000,0.35709,0,0,0.71799,1,2,0.05219,327,0.02121,20000
logistic,3,5,0.005,3.711000,0.35504,0,0,0.71630,1,2,0.03669,321,0.02121,20000
logistic,3,5,0.005,3.712000,0.35826,0,0,0.72536,1,2,0.03978,159,0.02121,20000
logistic,3,5,0.005,3.713000,0.36141,0,0,0.72792,1,2,0.03314,92,0.02121,20000
logistic,3,5,0.005,3.714000,0.36269,0,0,0.72546,1,2,0.04925,339,0.02121,20000
logistic,3,5,0.005,3.715000,0.36422,0,0,0.72670,1,2,0.03774,282,0.02121,20000
logistic,3,5,0.005,3.716000,0.36593,0,0,0.72966,1,2,0.03936,164,0.02121,20000
logistic,3,5,0.005,3.717000,0.36764,0,0,0.73882,1,2,0.03668,476,0.02121,20000
logistic,3,5,0.005,3.718000,0.36825,0,0,0.73962,1,2,0.04190,369,0.02121,20000
logistic,3,5,0.005,3.719000,0.36996,0,0,0.74085,1,2,0.03739,326,0.02121,20000
logistic,3,5,0.005,3.720000,0.37010,0,0,0.73986,1,2,0.03560,174,0.02121,20000
logistic,3,5,0.005,3.721000,0.37040,0,0,0.74004,1,2,0.03115,244,0.02121,20000
logistic,3,5,0.005,3.722000,0.36784,0,0,0.74343,1,2,0.04007,333,0.02121,20000
logistic,3,5,0.005,3.723000,0.37098,0,0,0.73820,1,2,0.04891,386,0.02121,20000
logistic,3,5,0.005,3.724000,0.37238,0,0,0.73493,1,2,0.03918,393,0.02121,20000
logistic,3,5,0.005,3.725000,0.37192,0,0,0.73276,1,2,0.03223,288,0.02121,20000
logistic,3,5,0.005,3.726000,0.37285,0,0,0.73692,1,2,0.04305,345,0.02121,20000
logistic,3,5,0.005,3.727000,0.37241,0,0,0.73206,1,2,0.03325,172,0.02121,20000
logistic,3,5,0.005,3.728000,0.37569,0,0,0.73137,1,2,0.03840,199,0.02121,20000
logistic,3,5,0.005,3.729000,0.37660,0,0,0.73448,1,2,0.03866,477,0.02121,20000
logistic,3,5,0.005,3.730000,0.37893,0,0,0.72858,1,2,0.04222,433,0.02121,20000
logistic,3,5,0.005,3.731000,0.37988,0,0,0.72766,1,2,0.03417,105,0.02121,20000
logistic,3,5,0.005,3.732000,0.38132,0,0,0.71911,1,2,0.02959,106,0.02121,20000
logistic,3,5,0.005,3.733000,0.38449,0,0,0.72643,1,2,0.03373,85,0.02121,20000
logistic,3,5,0.005,3.734000,0.38328,0,0,0.71985,1,2,0.03240,240,0.02121,20000
logistic,3,5,0.005,3.735000,0.38586,0,0,0.71502,1,2,0.04721,298,0.02121,20000
logistic,3,5,0.005,3.736000,0.38460,0,0,0.71184,1,2,0.03355,450,0.02121,20000
logistic,3,5,0.005,3.737000,0.38558,0,0,0.71051,1,2,0.04018,329,0.02121,20000
logistic,3,5,0.005,3.738000,0.38602,0,0,0.71136,1,2,0.03230,96,0.02121,20000
logistic,3,5,0.005,3.739000,0.38488,0,0,0.70565,1,2,0.03136,385,0.02121,20000
logistic,3,5,0.005,3.740000,0.38439,0,0,0.70267,1,2,0.03622,501,0.02121,20000
logistic,3,5,0.005,3.741000,0.38332,0,0,0.70553,1,2,0.04072,470,0.02121,20000
logistic,3,5,0.005,3.742000,0.38200,0,0,0.69809,1,2,0.03134,376,0.02121,20000
logistic,3,5,0.005,3.743000,0.37772,0,0,0.69083,1,2,0.03743,440,0.02121,20000
logistic,3,5,0.005,3.744000,0.37236,0,0,0.68969,1,2,0.03794,82,0.02121,20000
logistic,3,5,0.005,3.745000,0.36686,0,0,0.68228,1,2,0.02646,112,0.02121,20000
logistic,3,5,0.005,3.746000,0.36326,0,0,0.67540,1,2,0.03010,409,0.02121,20000
logistic,3,5,0.005,3.747000,0.35469,0,0,0.67150,1,2,0.03428,312,0.02121,20000
logistic,3,5,0.005,3.748000,-0.39927,5,0,0.99975,5,5,0.99675,65,0.02121,20000
logistic,3,5,0.005,3.749000,-0.09361,5,0,0.99975,5,5,0.99675,65,0.02121,20000
logistic,3,5,0.005,3.750000,-0.00001,0,0,0.99975,5,5,0.99675,65,0.02121,20000
logistic,3,5,0.005,3.751000,-0.05856,10,0,0.99950,10,10,0.99650,70,0.02121,20000
logistic,3,5,0.005,3.752000,0.04312,0,0,0.99938,10,10,0.99641,70,0.02121,20000
logistic,3,5,0.005,3.753000,0.09733,0,0,0.99861,10,10,0.99588,65,0.02121,20000
logistic,3,5,0.005,3.754000,0.35601,0,0,0.66597,1,2,0.03763,427,0.02121,20000
logistic,3,5,0.005,3.755000,0.36357,0,0,0.66365,1,5,0.03449,305,0.02121,20000
logistic,3,5,0.005,3.756000,0.37235,0,0,0.66305,1,2,0.03439,272,0.02121,20000
logistic,3,5,0.005,3.757000,0.37573,0,0,0.66564,1,2,0.03903,471,0.02121,20000
logistic,3,5,0.005,3.758000,0.37682,0,0,0.66556,1,2,0.02846,502,0.02121,20000
logistic,3,5,0.005,3.759000,0.38228,0,0,0.66998,1,2,0.03471,476,0.02121,20000
logistic,3,5,0.005,3.760000,0.38114,0,0,0.67159,1,2,0.03502,276,0.02121,20000
logistic,3,5,0.005,3.761000,0.38303,0,0,0.67274,1,2,0.03992,140,0.02121,20000
logistic,3,5,0.005,3.762000,0.38453,0,0,0.67584,1,2,0.03535,388,0.02121,20000
logistic,3,5,0.005,3.763000,0.38526,0,0,0.68000,1,2,0.03618,169,0.02121,20000
logistic,3,5,0.005,3.764000,0.38579,0,0,0.68115,1,2,0.03582,188,0.02121,20000
logistic,3,5,0.005,3.765000,0.38369,0,0,0.67673,1,2,0.02868,194,0.02121,20000
logistic,3,5,0.005,3.766000,0.38721,0,0,0.68229,1,2,0.03284,201,0.02121,20000
logistic,3,5,0.005,3.767000,0.38878,0,0,0.68408,1,2,0.04251,202,0.02121,20000
logistic,3,5,0.005,3.768000,0.39345,0,0,0.69101,1,2,0.02678,147,0.02121,20000
logistic,3,5,0.005,3.769000,0.39451,0,0,0.69189,1,2,0.03168,151,0.02121,20000
logistic,3,5,0.005,3.770000,0.39479,0,0,0.69625,1,2,0.02981,447,0.02121,20000
logistic,3,5,0.005,3.771000,0.39807,0,0,0.69813,1,2,0.03337,184,0.02121,20000
logistic,3,5,0.005,3.772000,0.40077,0,0,0.69748,1,2,0.03058,244,0.02121,20000
logistic,3,5,0.005,3.773000,0.40397,0,0,0.69942,1,2,0.02826,282,0.02121,20000
logistic,3,5,0.005,3.774000,0.40461,0,0,0.69806,1,2,0.03533,96,0.02121,20000
logistic,3,5,0.005,3.775000,0.40699,0,0,0.69226,1,2,0.02926,276,0.02121,20000
logistic,3,5,0.005,3.776000,0.40658,0,0,0.69402,1,2,0.03396,481,0.02121,20000
logistic,3,5,0.005,3.777000,0.40669,0,0,0.69546,1,2,0.03798,355,0.02121,20000
logistic,3,5,0.005,3.778000,0.03609,0,0,0.68200,1,7,0.59830,105,0.02121,20000
logistic,3,5,0.005,3.779000,0.40676,0,0,0.69459,1,2,0.03319,390,0.02121,20000
logistic,3,5,0.005,3.780000,0.40391,0,0,0.69498,1,2,0.03878,415,0.02121,20000
logistic,3,5,0.005,3.781000,0.40629,0,0,0.69482,1,2,0.04383,102,0.02121,20000
logistic,3,5,0.005,3.782000,0.40778,0,0,0.69107,1,2,0.03581,305,0.02121,20000
logistic,3,5,0.005,3.783000,0.40851,0,0,0.68992,1,2,0.03282,461,0.02121,20000
logistic,3,5,0.005,3.784000,0.40988,0,0,0.69183,1,2,0.03451,119,0.02121,20000
logistic,3,5,0.005,3.785000,0.41393,0,0,0.68999,1,2,0.02713,67,0.02121,20000
logistic,3,5,0.005,3.786000,0.41358,0,0,0.69094,1,2,0.03379,272,0.02121,20000
logistic,3,5,0.005,3.787000,0.41613,0,0,0.68834,1,2,0.03962,249,0.02121,20000
logistic,3,5,0.005,3.788000,0.41844,0,0,0.68909,1,2,0.03380,453,0.02121,20000
logistic,3,5,0.005,3.789000,0.41794,0,0,0.69074,1,2,0.03205,269,0.02121,20000
logistic,3,5,0.005,3.790000,0.41916,0,0,0.68356,1,2,0.03275,139,0.02121,20000
logistic,3,5,0.005,3.791000,0.42024,0,0,0.68478,1,2,0.03764,250,0.02121,20000
logistic,3,5,0.005,3.792000,0.42179,0,0,0.67758,1,2,0.03779,90,0.02121,20000
logistic,3,5,0.005,3.793000,0.42308,0,0,0.67500,1,2,0.03195,246,0.02121,20000
logistic,3,5,0.005,3.794000,0.42502,0,0,0.67366,1,2,0.03297,391,0.02121,20000
logistic,3,5,0.005,3.795000,0.42781,0,0,0.66533,1,2,0.03666,253,0.02121,20000
logistic,3,5,0.005,3.796000,0.42751,0,0,0.66389,1,2,0.02908,122,0.02121,20000
logistic,3,5,0.005,3.797000,0.43076,0,0,0.65436,1,0,0.03394,103,0.02121,20000
logistic,3,5,0.005,3.798000,0.43216,0,0,0.65774,1,2,0.03108,103,0.02121,20000
logistic,3,5,0.005,3.799000,0.43287,0,0,0.65653,1,2,0.03431,84,0.02121,20000
logistic,3,5,0.005,3.800000,0.43550,0,0,0.65077,1,0,0.03367,344,0.02121,20000
logistic,3,5,0.005,3.801000,0.43544,0,0,0.64762,1,0,0.03491,115,0.02121,20000
logistic,3,5,0.005,3.802000,0.43717,0,0,0.64771,1,0,0.03162,226,0.02121,20000
logistic,3,5,0.005,3.803000,0.43805,0,0,0.64429,1,0,0.03608,408,0.02121,20000
logistic,3,5,0.005,3.804000,0.43746,0,0,0.64178,1,0,0.03211,154,0.02121,20000
logistic,3,5,0.005,3.805000,0.43875,0,0,0.64205,1,0,0.03124,228,0.02121,20000
logistic,3,5,0.005,3.806000,0.43861,0,0,0.63709,1,0,0.02957,193,0.02121,20000
logistic,3,5,0.005,3.807000,0.43957,0,0,0.63300,1,0,0.02924,432,0.02121,20000
logistic,3,5,0.005,3.808000,0.43757,0,0,0.63246,1,0,0.02434,165,0.02121,20000
logistic,3,5,0.005,3.809000,0.43728,0,0,0.63165,1,0,0.03658,342,0.02121,20000
logistic,3,5,0.005,3.810000,0.43727,0,0,0.62947,1,0,0.03591,135,0.02121,20000
logistic,3,5,0.005,3.811000,0.43949,0,0,0.62660,1,0,0.02755,387,0.02121,20000
logistic,3,5,0.005,3.812000,0.43997,0,0,0.62602,1,0,0.03083,221,0.02121,20000
logistic,3,5,0.005,3.813000,0.44021,0,0,0.62444,1,0,0.02756,510,0.02121,20000
logistic,3,5,0.005,3.814000,0.44415,0,0,0.62939,1,0,0.02712,232,0.02121,20000
logistic,3,5,0.005,3.815000,0.44382,0,0,0.62382,1,0,0.03741,251,0.02121,20000
logistic,3,5,0.005,3.816000,0.44244,0,0,0.61800,1,0,0.03056,409,0.02121,20000
logistic,3,5,0.005,3.817000,0.44425,0,0,0.61794,1,0,0.02895,277,0.02121,20000
logistic,3,5,0.005,3.818000,0.44551,0,0,0.61444,1,0,0.03250,131,0.02121,20000
logistic,3,5,0.005,3.819000,0.44600,0,0,0.61404,1,0,0.02412,149,0.02121,20000
logistic,3,5,0.005,3.820000,0.44386,0,0,0.61123,1,0,0.03009,314,0.02121,20000
logistic,3,5,0.005,3.821000,0.44797,0,0,0.60167,1,0,0.02726,310,0.02121,20000
logistic,3,5,0.005,3.822000,0.44584,0,0,0.60146,1,0,0.02980,117,0.02121,20000
logistic,3,5,0.005,3.823000,0.44362,0,0,0.59695,1,0,0.02839,135,0.02121,20000
logistic,3,5,0.005,3.824000,0.44287,0,0,0.59444,1,0,0.03179,278,0.02121,20000
logistic,3,5,0.005,3.825000,0.44329,0,0,0.59491,1,0,0.03117,69,0.02121,20000
logistic,3,5,0.005,3.826000,0.44125,0,0,0.58995,1,0,0.02641,390,0.02121,20000
logistic,3,5,0.005,3.827000,0.44129,0,0,0.58605,1,0,0.03041,439,0.02121,20000
logistic,3,5,0.005,3.828000,0.44130,0,0,0.58185,1,0,0.03217,470,0.02121,20000
logistic,3,5,0.005,3.829000,0.43907,0,0,0.58413,1,0,0.03080,135,0.02121,20000
logistic,3,5,0.005,3.830000,0.43532,0,0,0.57786,1,0,0.03173,139,0.02121,20000
logistic,3,5,0.005,3.831000,0.43137,0,0,0.56940,1,0,0.02818,133,0.02121,20000
logistic,3,5,0.005,3.832000,0.43110,0,0,0.56257,1,3,0.02878,129,0.02121,20000
logistic,3,5,0.005,3.833000,0.42506,0,0,0.55704,1,3,0.02491,174,0.02121,20000
logistic,3,5,0.005,3.834000,0.41955,0,0,0.55099,1,3,0.02847,465,0.02121,20000
logistic,3,5,0.005,3.835000,0.41582,0,0,0.54203,1,3,0.03665,302,0.02121,20000
logistic,3,5,0.005,3.836000,0.40992,0,0,0.53150,1,3,0.02805,446,0.02121,20000
logistic,3,5,0.005,3.837000,0.40169,0,0,0.52570,1,3,0.03032,210,0.02121,20000
logistic,3,5,0.005,3.838000,0.39195,0,0,0.54161,3,3,0.04172,331,0.02121,20000
logistic,3,5,0.005,3.839000,0.38530,0,0,0.58395,3,3,0.04257,442,0.02121,20000
logistic,3,5,0.005,3.840000,0.36532,0,0,0.58728,3,3,0.04115,266,0.02121,20000
logistic,3,5,0.005,3.841000,0.32210,0,0,0.72330,3,3,0.13191,66,0.02121,20000
logistic,3,5,0.005,3.842000,-0.00391,3,0,0.99985,3,3,0.99670,66,0.02121,20000
logistic,3,5,0.005,3.843000,-0.05871,6,0,0.99970,6,6,0.99670,66,0.02121,20000
logistic,3,5,0.005,3.844000,-0.16901,6,0,0.99985,3,3,0.99670,66,0.02121,20000
logistic,3,5,0.005,3.845000,-0.63056,6,0,0.99984,3,3,0.99670,66,0.02121,20000
logistic,3,5,0.005,3.846000,-0.19179,6,0,0.99984,3,3,0.99670,66,0.02121,20000
logistic,3,5,0.005,3.847000,-0.07008,6,0,0.99983,3,3,0.99670,66,0.02121,20000
logistic,3,5,0.005,3.848000,-0.00035,0,0,0.99981,3,3,0.99670,66,0.02121,20000
logistic,3,5,0.005,3.849000,-0.07219,12,0,0.99953,6,6,0.99653,66,0.02121,20000
logistic,3,5,0.005,3.850000,0.04052,0,0,0.99944,6,6,0.99645,66,0.02121,20000
logistic,3,5,0.005,3.851000,0.08746,0,0,0.99925,6,6,0.99638,66,0.02121,20000
logistic,3,5,0.005,3.852000,0.11947,0,0,0.99900,6,6,0.99518,66,0.02121,20000
logistic,3,5,0.005,3.853000,0.12948,0,0,0.99832,6,6,0.99455,69,0.02121,20000
logistic,3,5,0.005,3.854000,-0.03049,9,0,0.99980,3,3,0.99665,66,0.02121,20000
logistic,3,5,0.005,3.855000,0.16169,0,0,0.99724,9,9,0.99349,66,0.02121,20000
logistic,3,5,0.005,3.856000,0.18953,0,0,0.99623,9,9,0.99294,66,0.02121,20000
logistic,3,5,0.005,3.857000,-0.30420,3,0,0.99985,3,3,0.99670,66,0.02121,20000
logistic,3,5,0.005,3.858000,-0.22442,3,0,0.99985,3,3,0.99670,66,0.02121,20000
logistic,3,5,0.005,3.859000,-0.16357,3,0,0.99985,3,3,0.99670,66,0.02121,20000
logistic,3,5,0.005,3.860000,-0.11457,3,0,0.99985,3,3,0.99670,66,0.02121,20000
logistic,3,5,0.005,3.861000,-0.07371,3,0,0.99985,3,3,0.99670,66,0.02121,20000
logistic,3,5,0.005,3.862000,-0.03874,3,0,0.99985,3,3,0.99670,66,0.02121,20000
logistic,3,5,0.005,3.863000,-0.00821,3,0,0.99985,3,3,0.99670,66,0.02121,20000
logistic,3,5,0.005,3.864000,-0.01075,6,0,0.99970,6,6,0.99670,66,0.02121,20000
logistic,3,5,0.005,3.865000,-0.09788,6,0,0.99970,6,6,0.99670,66,0.02121,20000
logistic,3,5,0.005,3.866000,-0.25658,6,0,0.99970,6,6,0.99670,66,0.02121,20000
logistic,3,5,0.005,3.867000,-0.17349,6,0,0.99970,6,6,0.99670,66,0.02121,20000
logistic,3,5,0.005,3.868000,-0.06093,6,0,0.99970,6,6,0.99670,66,0.02121,20000
logistic,3,5,0.005,3.869000,-0.01238,12,0,0.99968,6,6,0.99668,66,0.02121,20000
logistic,3,5,0.005,3.870000,-0.03850,12,0,0.99960,6,6,0.99660,66,0.02121,20000
logistic,3,5,0.005,3.871000,0.03653,0,0,0.99944,6,6,0.99644,66,0.02121,20000
logistic,3,5,0.005,3.872000,0.08574,0,0,0.99936,6,6,0.99648,66,0.02121,20000
logistic,3,5,0.005,3.873000,0.12144,0,0,0.99906,6,6,0.99517,69,0.02121,20000
logistic,3,5,0.005,3.874000,0.13593,0,0,0.99846,6,6,0.99481,66,0.02121,20000
logistic,3,5,0.005,3.875000,0.04011,0,0,0.99954,9,9,0.99639,72,0.02121,20000
logistic,3,5,0.005,3.876000,0.15797,0,0,0.99751,9,9,0.99333,66,0.02121,20000
logistic,3,5,0.005,3.877000,0.18800,0,0,0.99614,9,9,0.99292,66,0.02121,20000
logistic,3,5,0.005,3.878000,0.39572,0,0,0.68533,3,3,0.20281,66,0.02121,20000
logistic,3,5,0.005,3.879000,0.43192,0,0,0.58324,3,3,0.03317,108,0.02121,20000
logistic,3,5,0.005,3.880000,0.44529,0,0,0.53899,3,3,0.05479,84,0.02121,20000
logistic,3,5,0.005,3.881000,0.44903,0,0,0.52806,3,3,0.03520,263,0.02121,20000
logistic,3,5,0.005,3.882000,0.45401,0,0,0.50005,3,3,0.03231,418,0.02121,20000
logistic,3,5,0.005,3.883000,0.46045,0,0,0.49411,1,3,0.03522,158,0.02121,20000
logistic,3,5,0.005,3.884000,0.46455,0,0,0.49468,1,3,0.03214,86,0.02121,20000
logistic,3,5,0.005,3.885000,0.46751,0,0,0.49702,1,3,0.03155,371,0.02121,20000
logistic,3,5,0.005,3.886000,0.46612,0,0,0.49558,1,3,0.02520,121,0.02121,20000
logistic,3,5,0.005,3.887000,0.46730,0,0,0.49809,1,3,0.02565,447,0.02121,20000
logistic,3,5,0.005,3.888000,0.46970,0,0,0.50060,1,3,0.02890,485,0.02121,20000
logistic,3,5,0.005,3.889000,0.47589,0,0,0.50300,1,3,0.02692,136,0.02121,20000
logistic,3,5,0.005,3.890000,0.47908,0,0,0.50928,1,3,0.02671,359,0.02121,20000
logistic,3,5,0.005,3.891000,0.48227,0,0,0.50988,1,3,0.02887,281,0.02121,20000
logistic,3,5,0.005,3.892000,0.48351,0,0,0.51193,1,3,0.03720,86,0.02121,20000
logistic,3,5,0.005,3.893000,0.48519,0,0,0.50936,1,3,0.03626,491,0.02121,20000
logistic,3,5,0.005,3.894000,0.48818,0,0,0.50968,1,3,0.02482,483,0.02121,20000
logistic,3,5,0.005,3.895000,0.49017,0,0,0.50825,1,3,0.02938,283,0.02121,20000
logistic,3,5,0.005,3.896000,0.49356,0,0,0.50718,1,3,0.03442,200,0.02121,20000
logistic,3,5,0.005,3.897000,0.49614,0,0,0.50460,1,3,0.03128,106,0.02121,20000
logistic,3,5,0.005,3.898000,0.49882,0,0,0.50440,1,3,0.03537,132,0.02121,20000
logistic,3,5,0.005,3.899000,0.49974,0,0,0.50267,1,3,0.03272,500,0.02121,20000
logistic,3,5,0.005,3.900000,0.50067,0,0,0.50184,1,3,0.02698,505,0.02121,20000
logistic,3,5,0.005,3.901000,0.50061,0,0,0.49566,1,3,0.03104,253,0.02121,20000
logistic,3,5,0.005,3.902000,0.50220,0,0,0.49785,1,3,0.02755,76,0.02121,20000
logistic,3,5,0.005,3.903000,0.50405,0,0,0.50087,1,0,0.03150,283,0.02121,20000
logistic,3,5,0.005,3.904000,0.50485,0,0,0.49706,1,0,0.02334,226,0.02121,20000
logistic,3,5,0.005,3.905000,0.50484,0,0,0.49766,1,0,0.02886,305,0.02121,20000
logistic,3,5,0.005,3.906000,0.50269,0,0,0.49056,1,0,0.02760,244,0.02121,20000
logistic,3,5,0.005,3.907000,0.50176,0,0,0.49048,1,0,0.03390,493,0.02121,20000
logistic,3,5,0.005,3.908000,0.50079,0,0,0.48558,1,0,0.02782,356,0.02121,20000
logistic,3,5,0.005,3.909000,0.50502,0,0,0.49000,1,0,0.02402,449,0.02121,20000
logistic,3,5,0.005,3.910000,0.50597,0,0,0.48730,1,0,0.04216,108,0.02121,20000
logistic,3,5,0.005,3.911000,0.50667,0,0,0.48524,1,0,0.02848,416,0.02121,20000
logistic,3,5,0.005,3.912000,0.50859,0,0,0.48494,1,0,0.02976,184,0.02121,20000
logistic,3,5,0.005,3.913000,0.51156,0,0,0.48328,1,0,0.02779,291,0.02121,20000
logistic,3,5,0.005,3.914000,0.51447,0,0,0.48159,1,0,0.02608,421,0.02121,20000
logistic,3,5,0.005,3.915000,0.51554,0,0,0.47830,1,0,0.03220,452,0.02121,20000
logistic,3,5,0.005,3.916000,0.51767,0,0,0.47830,1,0,0.02643,199,0.02121,20000
logistic,3,5,0.005,3.917000,0.52045,0,0,0.47076,1,0,0.02623,193,0.02121,20000
logistic,3,5,0.005,3.918000,0.52060,0,0,0.46943,1,0,0.02527,369,0.02121,20000
logistic,3,5,0.005,3.919000,0.52229,0,0,0.47679,1,0,0.02851,240,0.02121,20000
logistic,3,5,0.005,3.920000,0.52331,0,0,0.46633,1,0,0.03010,239,0.02121,20000
logistic,3,5,0.005,3.921000,0.52351,0,0,0.45755,1,0,0.02587,239,0.02121,20000
logistic,3,5,0.005,3.922000,0.52394,0,0,0.45871,1,0,0.03188,279,0.02121,20000
logistic,3,5,0.005,3.923000,0.52437,0,0,0.45128,1,0,0.03072,399,0.02121,20000
logistic,3,5,0.005,3.924000,0.52656,0,0,0.44744,1,0,0.03085,120,0.02121,20000
logistic,3,5,0.005,3.925000,0.52776,0,0,0.43541,1,0,0.02758,285,0.02121,20000
logistic,3,5,0.005,3.926000,-0.23397,0,0,0.95912,5,5,0.95005,85,0.02121,20000
logistic,3,5,0.005,3.927000,0.53158,0,0,0.42546,1,0,0.02464,92,0.02121,20000
logistic,3,5,0.005,3.928000,0.53228,0,0,0.41631,1,0,0.02729,432,0.02121,20000
logistic,3,5,0.005,3.929000,0.53384,0,0,0.40887,1,0,0.02572,354,0.02121,20000
logistic,3,5,0.005,3.930000,0.53543,0,0,0.41369,1,0,0.02503,193,0.02121,20000
logistic,3,5,0.005,3.931000,0.53786,0,0,0.40968,1,0,0.02795,320,0.02121,20000
logistic,3,5,0.005,3.932000,0.54220,0,0,0.40365,1,0,0.03191,246,0.02121,20000
logistic,3,5,0.005,3.933000,0.54209,0,0,0.40335,1,0,0.02591,135,0.02121,20000
logistic,3,5,0.005,3.934000,0.54337,0,0,0.40282,1,0,0.02774,272,0.02121,20000
logistic,3,5,0.005,3.935000,0.54682,0,0,0.39426,1,0,0.02418,284,0.02121,20000
logistic,3,5,0.005,3.936000,0.54690,0,0,0.39074,1,0,0.03000,335,0.02121,20000
logistic,3,5,0.005,3.937000,0.55083,0,0,0.39046,1,0,0.03199,303,0.02121,20000
logistic,3,5,0.005,3.938000,0.55188,0,0,0.37400,1,0,0.02394,485,0.02121,20000
logistic,3,5,0.005,3.939000,0.55166,0,0,0.37689,1,0,0.02114,433,0.02121,20000
logistic,3,5,0.005,3.940000,0.55341,0,0,0.37484,1,0,0.02814,206,0.02121,20000
logistic,3,5,0.005,3.941000,0.55459,0,0,0.38707,1,0,0.02635,291,0.02121,20000
logistic,3,5,0.005,3.942000,0.55827,0,0,0.37868,1,0,0.02576,472,0.02121,20000
logistic,3,5,0.005,3.943000,0.55946,0,0,0.37050,1,0,0.02514,202,0.02121,20000
logistic,3,5,0.005,3.944000,0.56111,0,0,0.37767,1,0,0.02951,425,0.02121,20000
logistic,3,5,0.005,3.945000,0.56223,0,0,0.36468,1,0,0.02064,155,0.02121,20000
logistic,3,5,0.005,3.946000,0.56391,0,0,0.36579,1,0,0.02461,211,0.02121,20000
logistic,3,5,0.005,3.947000,0.56600,0,0,0.35548,1,0,0.02349,139,0.02121,20000
logistic,3,5,0.005,3.948000,0.56824,0,0,0.36100,1,0,0.03085,297,0.02121,20000
logistic,3,5,0.005,3.949000,0.56789,0,0,0.35859,1,0,0.02924,259,0.02121,20000
logistic,3,5,0.005,3.950000,0.57033,0,0,0.35203,1,0,0.02369,303,0.02121,20000
logistic,3,5,0.005,3.951000,0.57203,0,0,0.34720,1,0,0.02277,429,0.02121,20000
logistic,3,5,0.005,3.952000,0.57211,0,0,0.34553,1,0,0.02715,125,0.02121,20000
logistic,3,5,0.005,3.953000,0.57429,0,0,0.34045,1,0,0.02457,488,0.02121,20000
logistic,3,5,0.005,3.954000,0.57515,0,0,0.34789,1,0,0.02644,192,0.02121,20000
logistic,3,5,0.005,3.955000,0.57709,0,0,0.34519,1,0,0.02422,157,0.02121,20000
logistic,3,5,0.005,3.956000,0.57722,0,0,0.33363,1,0,0.03064,430,0.02121,20000
logistic,3,5,0.005,3.957000,0.57784,0,0,0.32166,1,0,0.02364,454,0.02121,20000
logistic,3,5,0.005,3.958000,0.57705,0,0,0.31996,1,0,0.02425,111,0.02121,20000
logistic,3,5,0.005,3.959000,0.57879,0,0,0.31992,1,0,0.02475,201,0.02121,20000
logistic,3,5,0.005,3.960000,0.57631,0,0,0.31477,1,0,0.02660,481,0.02121,20000
logistic,3,5,0.005,3.961000,0.57752,0,0,0.30685,1,0,0.02490,333,0.02121,20000
logistic,3,5,0.005,3.962000,0.57952,0,0,0.30908,1,0,0.02452,482,0.02121,20000
logistic,3,5,0.005,3.963000,0.58107,0,0,0.29818,1,0,0.03103,123,0.02121,20000
logistic,3,5,0.005,3.964000,0.58304,0,0,0.30391,1,0,0.02342,94,0.02121,20000
logistic,3,5,0.005,3.965000,0.58521,0,0,0.29899,1,0,0.02340,316,0.02121,20000
logistic,3,5,0.005,3.966000,0.58548,0,0,0.30050,1,0,0.02687,67,0.02121,20000
logistic,3,5,0.005,3.967000,0.58667,0,0,0.28979,1,0,0.02503,161,0.02121,20000
logistic,3,5,0.005,3.968000,0.59011,0,0,0.29370,1,0,0.02409,412,0.02121,20000
logistic,3,5,0.005,3.969000,0.59105,0,0,0.29380,1,0,0.02328,466,0.02121,20000
logistic,3,5,0.005,3.970000,0.59158,0,0,0.27235,1,0,0.02733,84,0.02121,20000
logistic,3,5,0.005,3.971000,0.59184,0,0,0.28522,1,0,0.02686,225,0.02121,20000
logistic,3,5,0.005,3.972000,0.59468,0,0,0.27935,1,0,0.02588,168,0.02121,20000
logistic,3,5,0.005,3.973000,0.59525,0,0,0.27652,1,0,0.02357,216,0.02121,20000
logistic,3,5,0.005,3.974000,0.59693,0,0,0.27391,1,0,0.02333,121,0.02121,20000
logistic,3,5,0.005,3.975000,0.59911,0,0,0.26885,1,0,0.03118,218,0.02121,20000
logistic,3,5,0.005,3.976000,0.60078,0,0,0.26682,1,0,0.02461,510,0.02121,20000
logistic,3,5,0.005,3.977000,0.60088,0,0,0.25995,1,0,0.02738,239,0.02121,20000
logistic,3,5,0.005,3.978000,0.60322,0,0,0.24652,1,0,0.02380,206,0.02121,20000
logistic,3,5,0.005,3.979000,0.60414,0,0,0.24550,1,0,0.02813,512,0.02121,20000
logistic,3,5,0.005,3.980000,0.60281,0,0,0.23457,1,0,0.02266,89,0.02121,20000
logistic,3,5,0.005,3.981000,-0.05226,16,0,0.99980,4,4,0.99660,68,0.02121,20000
logistic,3,5,0.005,3.982000,0.60329,0,0,0.22323,1,0,0.02068,264,0.02121,20000
logistic,3,5,0.005,3.983000,0.60736,0,0,0.21606,1,0,0.02124,71,0.02121,20000
logistic,3,5,0.005,3.984000,0.61090,0,0,0.21409,1,0,0.02358,431,0.02121,20000
logistic,3,5,0.005,3.985000,0.61495,0,0,0.21704,1,0,0.02273,305,0.02121,20000
logistic,3,5,0.005,3.986000,0.61560,0,0,0.21416,1,0,0.02129,385,0.02121,20000
logistic,3,5,0.005,3.987000,0.61993,0,0,0.21644,1,0,0.02604,468,0.02121,20000
logistic,3,5,0.005,3.988000,0.62195,0,0,0.21100,1,0,0.02489,458,0.02121,20000
logistic,3,5,0.005,3.989000,0.62261,0,0,0.19963,1,0,0.02594,366,0.02121,20000
logistic,3,5,0.005,3.990000,0.62399,0,0,0.19711,1,0,0.02694,126,0.02121,20000
logistic,3,5,0.005,3.991000,0.62665,0,0,0.19232,1,0,0.02252,98,0.02121,20000
logistic,3,5,0.005,3.992000,0.63023,0,0,0.17815,1,0,0.02820,263,0.02121,20000
logistic,3,5,0.005,3.993000,0.63317,0,0,0.16556,1,0,0.02432,501,0.02121,20000
logistic,3,5,0.005,3.994000,0.63567,0,0,0.16408,1,0,0.02438,427,0.02121,20000
logistic,3,5,0.005,3.995000,0.63759,0,0,0.16288,1,0,0.02194,322,0.02121,20000
logistic,3,5,0.005,3.996000,0.64016,0,0,0.14630,1,0,0.01919,222,0.02121,20000
logistic,3,5,0.005,3.997000,0.64265,0,0,0.14511,1,0,0.02068,150,0.02121,20000
logistic,3,5,0.005,3.998000,0.64519,0,0,0.12442,1,0,0.02805,360,0.02121,20000
logistic,3,5,0.005,3.999000,0.64451,0,0,0.11677,1,0,0.02026,390,0.02121,20000
