p,q,K,lambda1,W_unwrapped,R_alpha,R_theta1,R_theta2,period,chi2_bytes
2,3,0.30,-0.0000,1.500001,0.9489,0.0000,0.0000,0,255.0
2,3,0.32,-0.0000,1.500000,0.9346,0.0000,0.0000,0,248.5
2,3,0.34,-0.0000,1.499995,0.9171,0.0000,0.0000,0,241.2
2,3,0.36,-0.0580,1.499998,0.9006,0.0000,0.0000,15,8033333.3
2,3,0.38,-0.1347,1.499997,0.8890,0.0000,0.0000,15,8033333.3
2,3,0.40,-0.1982,1.499996,0.8719,0.0000,0.0000,15,10308877.5
2,3,0.42,-0.2620,1.499996,0.8502,0.0000,0.0000,15,8033333.3
2,3,0.44,-0.3257,1.499995,0.8237,0.0000,0.0000,15,8033333.3
2,3,0.46,-0.3846,1.499995,0.7917,0.0000,0.0000,15,8033333.3
2,3,0.48,-0.4434,1.499994,0.7532,0.0000,0.0000,15,8033333.3
2,3,0.50,-0.4481,1.499993,0.7076,0.0000,0.0000,15,9171122.5
2,3,0.52,-0.3336,1.499992,0.6556,0.0000,0.0000,15,8033333.3
2,3,0.54,-0.2467,1.499991,0.5996,0.0000,0.0000,15,8033333.3
2,3,0.56,-0.1624,1.499990,0.5429,0.0000,0.0000,15,8033333.3
2,3,0.58,-0.0675,1.499989,0.4889,0.0000,0.0000,15,8033333.3
2,3,0.60,-0.0653,1.499987,0.4467,0.0000,0.0000,30,8033333.3
2,3,0.62,-0.1532,1.499985,0.4235,0.0000,0.0000,30,10308877.5
2,3,0.64,-0.0081,1.499984,0.4022,0.0000,0.0000,30,8033333.3
2,3,0.66,-0.0616,1.499991,0.3765,0.0000,0.0000,60,4335544.2
2,3,0.68,-0.0450,1.499988,0.3426,0.0000,0.0000,60,4904370.5
2,3,0.70,-0.1845,1.499991,0.3264,0.0000,0.0000,60,4051122.5
2,3,0.72,-0.0108,1.499991,0.3143,0.0000,0.0000,60,4051105.4
2,3,0.74,-0.0659,1.499989,0.3025,0.0000,0.0000,60,4904438.8
2,3,0.76,0.3330,1.633835,0.2344,0.0013,0.0013,0,232.5
2,3,0.78,0.3409,1.738736,0.2185,0.0010,0.0004,0,265.1
2,3,0.80,0.4338,1.820135,0.1767,0.0027,0.0012,0,227.9
2,3,0.82,0.4617,1.774162,0.1731,0.0025,0.0014,0,237.3
2,3,0.84,0.4924,1.778905,0.1734,0.0005,0.0002,0,246.5
2,3,0.86,0.5200,1.771420,0.1718,0.0016,0.0014,0,256.4
2,3,0.88,0.5665,1.845771,0.1353,0.0005,0.0006,0,247.5
2,3,0.90,-0.3065,4.000073,0.3090,0.0000,0.0000,15,8033333.3
2,3,0.92,0.6386,2.137543,0.0700,0.0014,0.0007,0,274.4
2,3,0.94,0.6817,2.148256,0.0603,0.0017,0.0016,0,237.9
2,3,0.96,0.7393,2.131385,0.0802,0.0017,0.0009,0,239.3
2,3,0.98,0.7721,2.102681,0.0820,0.0034,0.0009,0,251.4
2,3,1.00,0.8194,2.210921,0.0934,0.0023,0.0013,0,248.2
3,5,0.30,-0.0148,1.666663,0.7889,0.0000,0.0000,0,106379.4
3,5,0.32,0.1186,1.666672,0.7409,0.0006,0.0001,0,268.5
3,5,0.34,0.2709,1.765048,0.5180,0.0002,0.0003,0,225.9
3,5,0.36,-0.5399,1.666673,0.7818,0.0000,0.0000,24,11944430.2
3,5,0.38,-0.0175,1.666659,0.6378,0.0000,0.0000,24,10166666.7
3,5,0.40,0.3613,1.901686,0.3551,0.0017,0.0001,0,273.2
3,5,0.42,0.4134,2.041821,0.2338,0.0012,0.0006,0,260.3
3,5,0.44,0.4306,2.095759,0.1741,0.0007,0.0004,0,560328.1
3,5,0.46,0.4496,2.183202,0.1211,0.0010,0.0008,0,251.5
3,5,0.48,0.4666,2.140362,0.1656,0.0018,0.0010,0,278.1
3,5,0.50,0.5026,2.152395,0.1700,0.0004,0.0005,0,260.2
3,5,0.52,-0.2525,1.666667,0.3703,0.0000,0.0000,32,8500000.0
3,5,0.54,-0.0828,1.666667,0.2457,0.0000,0.0000,32,7500000.0
3,5,0.56,-0.0674,7.000000,0.7575,0.0000,0.0000,32,7500000.0
3,5,0.58,0.5736,2.779891,0.2408,0.0029,0.0010,0,287.1
3,5,0.60,0.6347,2.442669,0.0894,0.0036,0.0008,0,269.5
3,5,0.62,0.6454,2.215997,0.0306,0.0004,0.0005,0,245.8
3,5,0.64,-0.1394,1.666667,1.0000,0.0000,0.0000,16,15500000.0
3,5,0.66,-0.9567,1.666667,1.0000,0.0000,0.0000,16,15500000.0
3,5,0.68,-0.9357,1.666667,1.0000,0.0000,0.0000,16,15500000.0
3,5,0.70,-0.3728,1.666667,1.0000,0.0000,0.0000,16,15500000.0
3,5,0.72,-0.0905,1.666667,1.0000,0.0000,0.0000,16,15500000.0
3,5,0.74,0.0000,1.666666,0.9925,0.0000,0.0000,0,265.6
3,5,0.76,0.1166,1.666665,0.9819,0.0000,0.0004,0,285.6
3,5,0.78,-0.0621,1.666667,0.9235,0.0000,0.0000,80,2860000.0
3,5,0.80,0.8968,1.924498,0.2201,0.0031,0.0006,0,235.0
3,5,0.82,-0.0585,1.666667,0.2938,0.0000,0.0000,32,8500000.0
3,5,0.84,0.0274,1.666667,0.3041,0.0000,0.0000,0,248.0
3,5,0.86,-0.0000,6.999998,0.7687,0.0000,0.0000,0,267.9
3,5,0.88,1.0369,2.317024,0.1578,0.0041,0.0022,0,275.0
3,5,0.90,1.0898,2.311953,0.1481,0.0019,0.0010,0,267.9
3,5,0.92,1.1160,2.336168,0.1659,0.0022,0.0023,0,204.9
3,5,0.94,1.1384,2.265066,0.1399,0.0021,0.0016,0,238.5
3,5,0.96,1.1700,2.250504,0.1401,0.0021,0.0018,0,240.7
3,5,0.98,1.1764,2.155694,0.1448,0.0014,0.0012,0,275.8
3,5,1.00,1.2186,2.085383,0.1176,0.0024,0.0028,0,236.9
5,7,0.30,-0.0461,1.999996,0.2711,0.0000,0.0000,9,13722222.2
5,7,0.32,0.0026,2.004882,0.2422,0.0000,0.0001,9,13538127.3
5,7,0.34,0.4403,2.037986,0.2572,0.0005,0.0004,0,236.5
5,7,0.36,0.4958,1.985600,0.2369,0.0018,0.0003,0,283.8
5,7,0.38,0.5617,1.957998,0.2005,0.0009,0.0002,0,284.4
5,7,0.40,0.6533,1.957946,0.1615,0.0009,0.0003,0,236.8
5,7,0.42,0.7344,2.010336,0.1216,0.0001,0.0006,0,233.5
5,7,0.44,0.7647,1.954429,0.0994,0.0009,0.0004,0,253.3
5,7,0.46,-0.1515,1.400000,0.1896,0.0000,0.0000,48,6166688.0
5,7,0.48,0.7353,1.713687,0.0801,0.0007,0.0009,48,4097536.2
5,7,0.50,0.9102,1.936259,0.1143,0.0006,0.0003,0,237.8
5,7,0.52,0.9368,2.007335,0.1473,0.0011,0.0002,0,246.3
5,7,0.54,0.9986,2.203275,0.1355,0.0002,0.0008,0,265.4
5,7,0.56,1.0446,2.183684,0.1032,0.0007,0.0015,0,231.2
5,7,0.58,1.0975,2.100200,0.0694,0.0027,0.0019,0,298.5
5,7,0.60,1.1376,2.091770,0.0619,0.0032,0.0015,0,253.9
5,7,0.62,1.1707,2.091404,0.0289,0.0009,0.0012,0,241.8
5,7,0.64,1.1714,2.046121,0.0530,0.0011,0.0020,0,270.9
5,7,0.66,1.2235,2.091203,0.0727,0.0004,0.0007,0,275.3
5,7,0.68,1.2608,2.062207,0.0733,0.0018,0.0003,0,259.1
5,7,0.70,1.2679,1.966162,0.1090,0.0009,0.0014,0,273.8
5,7,0.72,-0.0000,1.400000,0.9993,0.0000,0.0000,0,289.0
5,7,0.74,1.3831,1.956779,0.0904,0.0017,0.0016,0,275.3
5,7,0.76,1.4474,1.958655,0.0792,0.0024,0.0018,0,307.0
5,7,0.78,1.4988,1.991102,0.0931,0.0043,0.0007,0,268.7
5,7,0.80,1.5482,2.014595,0.1088,0.0056,0.0012,0,229.3
5,7,0.82,1.5824,1.948501,0.1408,0.0030,0.0008,0,271.4
5,7,0.84,1.6226,1.882687,0.1643,0.0044,0.0004,0,275.2
5,7,0.86,1.6810,1.917595,0.1513,0.0015,0.0005,0,279.2
5,7,0.88,1.7355,2.018097,0.1241,0.0027,0.0019,0,280.1
5,7,0.90,1.7906,2.046021,0.1044,0.0031,0.0005,0,253.1
5,7,0.92,1.8348,2.043986,0.0806,0.0012,0.0011,0,276.1
5,7,0.94,1.8618,2.021169,0.0784,0.0023,0.0013,0,254.0
5,7,0.96,1.8837,1.958311,0.0820,0.0018,0.0004,0,237.6
5,7,0.98,1.9196,1.990326,0.0661,0.0041,0.0002,0,220.5
5,7,1.00,1.9342,2.074185,0.0256,0.0022,0.0013,0,247.5
7,11,0.30,0.5080,2.162840,0.2076,0.0003,0.0012,0,242.1
7,11,0.32,0.7466,2.124272,0.1034,0.0006,0.0010,0,267.7
7,11,0.34,0.9310,2.129888,0.0690,0.0011,0.0009,0,234.7
7,11,0.36,1.0301,2.091412,0.0808,0.0005,0.0009,0,257.7
7,11,0.38,-0.3050,1.571429,1.0000,0.0000,0.0000,72,3648143.4
7,11,0.40,1.1574,2.151682,0.0584,0.0006,0.0013,0,253.7
7,11,0.42,1.2797,2.146126,0.1018,0.0007,0.0006,0,253.3
7,11,0.44,1.3405,2.121802,0.1209,0.0027,0.0016,0,241.5
7,11,0.46,1.4173,2.137778,0.1290,0.0015,0.0009,0,263.6
7,11,0.48,1.4920,2.112472,0.1184,0.0016,0.0001,0,253.9
7,11,0.50,1.5557,2.106146,0.1242,0.0003,0.0009,0,244.5
7,11,0.52,1.5908,2.093437,0.1513,0.0017,0.0010,0,270.5
7,11,0.54,1.6108,2.033958,0.1816,0.0024,0.0010,0,265.2
7,11,0.56,1.6023,1.967365,0.1737,0.0021,0.0012,0,251.2
7,11,0.58,1.6482,2.036693,0.1257,0.0027,0.0006,0,254.2
7,11,0.60,1.6108,2.029987,0.1257,0.0038,0.0014,0,224.8
7,11,0.62,-0.3418,1.571429,1.0000,0.0000,0.0000,36,6611111.1
7,11,0.64,0.6236,1.623789,0.8052,0.0008,0.0005,0,259.8
7,11,0.66,1.8178,2.081475,0.0560,0.0055,0.0002,0,265.1
7,11,0.68,1.8916,2.101626,0.0277,0.0011,0.0003,0,272.4
7,11,0.70,1.9549,2.167022,0.0434,0.0017,0.0007,0,284.8
7,11,0.72,2.0003,2.117182,0.0537,0.0024,0.0015,0,256.2
7,11,0.74,2.0352,2.123847,0.0549,0.0045,0.0018,0,272.9
7,11,0.76,2.0727,2.103337,0.0555,0.0031,0.0024,0,222.8
7,11,0.78,2.1103,2.073062,0.0675,0.0011,0.0010,0,281.9
7,11,0.80,2.1297,2.105670,0.0370,0.0026,0.0004,0,232.7
7,11,0.82,2.2229,2.142678,0.0198,0.0050,0.0007,0,290.3
7,11,0.84,2.2869,2.111910,0.0369,0.0050,0.0021,0,243.5
7,11,0.86,2.3361,2.120339,0.0347,0.0029,0.0006,0,241.2
7,11,0.88,2.3833,2.145920,0.0416,0.0039,0.0019,0,219.9
7,11,0.90,2.4177,2.150273,0.0270,0.0041,0.0012,0,271.9
7,11,0.92,2.4455,2.159721,0.0157,0.0068,0.0028,0,280.7
7,11,0.94,2.4726,2.161987,0.0177,0.0043,0.0006,0,247.6
7,11,0.96,2.4742,2.212673,0.0460,0.0022,0.0032,0,316.8
7,11,0.98,-2.2711,-1.000000,1.0000,0.0001,0.0001,18,13722222.2
7,11,1.00,2.3219,2.548843,0.1695,0.0065,0.0008,0,237.8
