family,p,q,K,param,paramB,lambda1_A,period_A,lambda1_B,period_B,escaped,max_abs_r_ens,rms_r_ens,r_ens_first,r_ens_last,mean_ln_d_end,frac_d_gt_scale_end,r0,rlag_max64,MI_MM_bits,chi2_z,n_seeds,T,W,N
tent,3,5,0.05,1.206000,1.206500,0.19592,0,0.19632,0,0,0.914646,0.906649,0.906422,0.908649,-4.4840,0.0000,0.967928,0.969200,1.00000,35354.37,2048,10000,200,100000
tent,3,5,0.05,1.214000,1.214500,0.20235,0,0.20282,0,0,0.924221,0.918462,0.915644,0.920085,-4.4366,0.0000,0.927165,0.927421,1.00004,23571.04,2048,10000,200,100000
tent,3,5,0.05,1.222000,1.222500,0.20853,0,0.20886,0,0,0.918132,0.912945,0.915940,0.913081,-4.3267,0.0000,0.963048,0.963738,1.00000,23568.77,2048,10000,200,100000
tent,3,5,0.05,1.230000,1.230500,0.21507,0,0.21555,0,0,0.927763,0.921675,0.923020,0.922601,-4.2716,0.0000,0.959353,0.959848,1.00000,23568.54,2048,10000,200,100000
tent,3,5,0.05,1.238000,1.238500,0.22203,0,0.22242,0,0,0.919419,0.914089,0.915958,0.912903,-4.1933,0.0000,0.955902,0.956019,1.00000,23568.87,2048,10000,200,100000
tent,3,5,0.05,1.246000,1.246500,0.22862,0,0.22902,0,0,0.922348,0.915541,0.914805,0.914410,-4.1221,0.0000,0.920041,0.920759,1.00003,17677.98,2048,10000,200,100000
tent,3,5,0.05,1.254000,1.254500,0.23427,0,0.23492,0,0,0.918567,0.911994,0.913618,0.910849,-4.0576,0.0000,0.915708,0.917835,1.00003,17677.52,2048,10000,200,100000
tent,3,5,0.05,1.262000,1.262500,0.24045,0,0.24125,0,0,0.915682,0.909376,0.906128,0.909322,-3.9772,0.0000,0.943643,0.944373,1.00003,23570.31,2048,10000,200,100000
tent,3,5,0.05,1.270000,1.270500,0.24727,0,0.24802,0,0,0.913571,0.907381,0.908879,0.906604,-3.8966,0.0000,0.937509,0.938002,1.00000,14139.79,2048,10000,200,100000
tent,3,5,0.05,1.278000,1.278500,0.25391,0,0.25456,0,0,0.909079,0.901359,0.909079,0.902410,-3.8561,0.0000,0.931611,0.932838,1.00000,14140.29,2048,10000,200,100000
tent,3,5,0.05,1.286000,1.286500,0.26049,0,0.26096,0,0,0.909043,0.900713,0.899145,0.901124,-3.8084,0.0000,-0.914019,0.915265,1.00009,14144.21,2048,10000,200,100000
tent,3,5,0.05,1.294000,1.294500,0.26730,0,0.26778,0,0,0.908070,0.900802,0.902625,0.902929,-3.7200,0.0000,0.896252,0.898926,0.99953,14138.70,2048,10000,200,100000
tent,3,5,0.05,1.302000,1.302500,0.27372,0,0.27426,0,0,0.897375,0.887992,0.886600,0.889776,-3.6480,0.0000,0.891062,0.894100,0.99034,14049.70,2048,10000,200,100000
tent,3,5,0.05,1.310000,1.310500,0.28024,0,0.28053,0,0,0.898984,0.889961,0.890233,0.886156,-3.5742,0.0000,0.884035,0.887114,0.97949,13892.07,2048,10000,200,100000
tent,3,5,0.05,1.318000,1.318500,0.28592,0,0.28661,0,0,0.892372,0.882933,0.888068,0.889971,-3.5326,0.0000,0.898520,0.900234,0.99467,14077.58,2048,10000,200,100000
tent,3,5,0.05,1.326000,1.326500,0.29235,0,0.29277,0,0,0.881463,0.872127,0.872759,0.872042,-3.4725,0.0000,0.890167,0.891498,0.99923,14136.11,2048,10000,200,100000
tent,3,5,0.05,1.334000,1.334500,0.29867,0,0.29915,0,0,0.879874,0.871160,0.875255,0.872090,-3.4172,0.0000,0.879178,0.881015,0.99846,11775.71,2048,10000,200,100000
tent,3,5,0.05,1.342000,1.342500,0.30506,0,0.30541,0,0,0.873202,0.863910,0.859028,0.864585,-3.3696,0.0000,0.868561,0.870709,0.99714,11768.50,2048,10000,200,100000
tent,3,5,0.05,1.350000,1.350500,0.31082,0,0.31110,0,0,0.034623,0.011569,-0.009686,0.010663,-2.3490,0.0010,0.090947,0.099152,0.01166,162.78,2048,10000,200,100000
tent,3,5,0.05,1.358000,1.358500,0.31540,0,0.31657,0,0,0.053598,0.019271,-0.024800,-0.010901,-2.2957,0.0024,-0.049773,0.057467,0.00284,39.72,2048,10000,200,100000
tent,3,5,0.05,1.366000,1.366500,0.32020,0,0.31981,0,0,0.043082,0.016347,0.007687,0.005329,-2.2800,0.0068,-0.007044,0.015376,0.00035,4.79,2048,10000,200,100000
tent,3,5,0.05,1.374000,1.374500,0.32458,0,0.32485,0,0,0.052131,0.023218,0.016015,0.002693,-2.2737,0.0117,0.050961,0.069488,0.00358,43.61,2048,10000,200,100000
tent,3,5,0.05,1.382000,1.382500,0.32943,0,0.32962,0,0,0.063342,0.018888,0.012802,-0.030571,-2.2152,0.0171,-0.076866,0.079998,0.00589,72.09,2048,10000,200,100000
tent,3,5,0.05,1.390000,1.390500,0.33347,0,0.33418,0,0,0.066088,0.022969,-0.031571,0.041576,-2.2265,0.0137,-0.035044,0.048298,0.00099,12.07,2048,10000,200,100000
tent,3,5,0.05,1.398000,1.398500,0.33802,0,0.33880,0,0,0.063190,0.021103,-0.023399,-0.002537,-2.2043,0.0234,0.034871,0.040771,0.00136,16.69,2048,10000,200,100000
tent,3,5,0.05,1.406000,1.406500,0.34246,0,0.34295,0,0,0.066613,0.027977,0.043441,-0.005424,-2.1972,0.0278,0.007309,0.014436,-0.00003,-0.36,2048,10000,200,100000
tent,3,5,0.05,1.414000,1.414500,0.34685,0,0.34716,0,0,0.064558,0.023439,-0.016007,-0.015886,-2.1638,0.0312,0.005630,0.030088,-0.00003,-0.36,2048,10000,200,100000
tent,3,5,0.05,1.422000,1.422500,0.35160,0,0.35215,0,0,0.045415,0.015989,-0.002250,0.005772,-2.1387,0.0449,0.017096,0.026836,0.00059,6.31,2048,10000,200,100000
tent,3,5,0.05,1.430000,1.430500,0.35596,0,0.35726,0,0,0.057254,0.018731,0.007058,-0.002844,-2.1262,0.0498,0.008132,0.012652,0.00019,1.67,2048,10000,200,100000
tent,3,5,0.05,1.438000,1.438500,0.36047,0,0.36077,0,0,0.051979,0.020016,0.010340,-0.051979,-2.0931,0.0732,0.020181,0.023029,0.00029,2.87,2048,10000,200,100000
tent,3,5,0.05,1.446000,1.446500,0.36514,0,0.36608,0,0,0.059814,0.020362,0.037049,-0.019237,-2.0942,0.0757,-0.004045,0.008124,0.00004,0.33,2048,10000,200,100000
tent,3,5,0.05,1.454000,1.454500,0.36968,0,0.36990,0,0,0.055853,0.020989,-0.019324,-0.013779,-2.0813,0.1006,0.004927,0.016077,0.00002,0.25,2048,10000,200,100000
tent,3,5,0.05,1.462000,1.462500,0.37394,0,0.37444,0,0,0.050142,0.017870,-0.014076,0.006641,-2.0706,0.0918,0.000049,0.013164,0.00001,0.14,2048,10000,200,100000
tent,3,5,0.05,1.470000,1.470500,0.37813,0,0.37936,0,0,0.071097,0.021525,0.035561,-0.026871,-2.0254,0.1152,0.001282,0.019777,0.00024,2.29,2048,10000,200,100000
tent,3,5,0.05,1.478000,1.478500,0.38327,0,0.38375,0,0,0.072325,0.022766,-0.009865,-0.004648,-2.0452,0.1245,0.016850,0.026593,0.00076,6.86,2048,10000,200,100000
tent,3,5,0.05,1.486000,1.486500,0.38770,0,0.38841,0,0,0.068821,0.022684,0.043621,0.001342,-1.9741,0.1426,-0.003161,0.013313,-0.00013,-1.30,2048,10000,200,100000
tent,3,5,0.05,1.494000,1.494500,0.39241,0,0.39264,0,0,0.068146,0.020786,0.001779,0.007917,-1.9914,0.1553,0.003392,0.014959,-0.00008,-1.53,2048,10000,200,100000
tent,3,5,0.05,1.502000,1.502500,0.39675,0,0.39697,0,0,0.066770,0.022504,0.023235,0.002893,-1.9740,0.1748,-0.003398,0.016244,0.00006,0.28,2048,10000,200,100000
tent,3,5,0.05,1.510000,1.510500,0.40098,0,0.40178,0,0,0.067809,0.023739,-0.008623,0.016987,-1.9527,0.1680,-0.019336,0.020190,0.00062,4.82,2048,10000,200,100000
tent,3,5,0.05,1.518000,1.518500,0.40549,0,0.40566,0,0,0.057012,0.020174,0.034377,0.017830,-1.9170,0.1914,0.001465,0.011543,0.00007,0.51,2048,10000,200,100000
tent,3,5,0.05,1.526000,1.526500,0.40946,0,0.40987,0,0,0.067246,0.019453,-0.034914,-0.024982,-1.8731,0.2280,-0.000480,0.017721,0.00015,1.16,2048,10000,200,100000
tent,3,5,0.05,1.534000,1.534500,0.41257,0,0.41323,0,0,0.063542,0.020707,0.002027,-0.029774,-1.8717,0.2339,0.002933,0.015073,-0.00007,-1.35,2048,10000,200,100000
tent,3,5,0.05,1.542000,1.542500,0.41589,0,0.41642,0,0,0.062213,0.022279,-0.030487,-0.000048,-1.8455,0.2495,-0.011134,0.012546,0.00024,1.81,2048,10000,200,100000
tent,3,5,0.05,1.550000,1.550500,0.41929,0,0.42027,0,0,0.060687,0.021794,-0.055287,0.041437,-1.8552,0.2422,0.003404,0.012324,0.00009,0.72,2048,10000,200,100000
tent,3,5,0.05,1.558000,1.558500,0.42380,0,0.42414,0,0,0.065919,0.022012,-0.025467,0.026178,-1.8184,0.2773,0.007496,0.018428,-0.00002,-0.16,2048,10000,200,100000
tent,3,5,0.05,1.566000,1.566500,0.42795,0,0.42762,0,0,0.066883,0.022033,-0.016547,0.017528,-1.7920,0.2925,0.000695,0.007677,-0.00009,-0.83,2048,10000,200,100000
tent,3,5,0.05,1.574000,1.574500,0.43168,0,0.43213,0,0,0.077137,0.022331,0.002807,0.008847,-1.7766,0.3110,-0.002999,0.009397,-0.00013,-0.86,2048,10000,200,100000
tent,3,5,0.05,1.582000,1.582500,0.43497,0,0.43524,0,0,0.085402,0.023323,-0.019323,0.015950,-1.7829,0.3052,-0.004230,0.013858,-0.00001,-0.06,2048,10000,200,100000
tent,3,5,0.05,1.590000,1.590500,0.43950,0,0.43966,0,0,0.064222,0.024296,-0.012582,0.005072,-1.7071,0.3467,-0.013524,0.013524,0.00023,0.72,2048,10000,200,100000
tent,3,5,0.05,1.598000,1.598500,0.44349,0,0.44382,0,0,0.061695,0.022980,0.039833,0.004146,-1.7014,0.3560,0.002838,0.014103,-0.00003,-0.59,2048,10000,200,100000
tent,3,5,0.05,1.606000,1.606500,0.44793,0,0.44734,0,0,0.072495,0.022907,0.005773,-0.020004,-1.7043,0.3652,0.006113,0.011383,-0.00010,-0.82,2048,10000,200,100000
tent,3,5,0.05,1.614000,1.614500,0.45133,0,0.45130,0,0,0.074636,0.023045,0.003582,0.006806,-1.6882,0.3818,-0.003519,0.014245,0.00004,0.25,2048,10000,200,100000
tent,3,5,0.05,1.622000,1.622500,0.45520,0,0.45624,0,0,0.084639,0.024497,-0.018664,0.014298,-1.6590,0.3857,-0.005061,0.014934,0.00022,1.35,2048,10000,200,100000
tent,3,5,0.05,1.630000,1.630500,0.45931,0,0.45961,0,0,0.059861,0.020458,0.033205,0.013344,-1.6590,0.4009,-0.000515,0.017471,0.00025,1.39,2048,10000,200,100000
tent,3,5,0.05,1.638000,1.638500,0.46352,0,0.46379,0,0,0.051730,0.020387,-0.010794,0.009990,-1.6271,0.4038,-0.004842,0.010271,0.00052,3.19,2048,10000,200,100000
tent,3,5,0.05,1.646000,1.646500,0.46737,0,0.46790,0,0,0.056839,0.021771,0.011391,-0.006503,-1.6010,0.4385,0.000080,0.011894,0.00016,0.24,2048,10000,200,100000
tent,3,5,0.05,1.654000,1.654500,0.47140,0,0.47187,0,0,0.059832,0.022158,0.005701,0.022138,-1.5730,0.4429,0.001388,0.011048,0.00018,0.94,2048,10000,200,100000
tent,3,5,0.05,1.662000,1.662500,0.47503,0,0.47500,0,0,0.084586,0.022849,-0.023761,-0.010753,-1.5616,0.4790,0.000443,0.008544,0.00003,-0.01,2048,10000,200,100000
tent,3,5,0.05,1.670000,1.670500,0.47859,0,0.47828,0,0,0.070220,0.021929,-0.019570,-0.041195,-1.5390,0.4961,-0.000885,0.010564,0.00015,1.01,2048,10000,200,100000
tent,3,5,0.05,1.678000,1.678500,0.48212,0,0.48222,0,0,0.069999,0.020351,0.001252,-0.009110,-1.5110,0.4883,0.007873,0.011339,0.00041,1.54,2048,10000,200,100000
tent,3,5,0.05,1.686000,1.686500,0.48555,0,0.48580,0,0,0.055780,0.021218,-0.023000,-0.022379,-1.4525,0.5225,-0.002532,0.011904,-0.00027,-1.55,2048,10000,200,100000
tent,3,5,0.05,1.694000,1.694500,0.48832,0,0.48902,0,0,0.066532,0.021980,-0.022418,0.009349,-1.4691,0.5225,0.004073,0.013807,0.00003,0.05,2048,10000,200,100000
tent,3,5,0.05,1.702000,1.702500,0.49242,0,0.49203,0,0,0.050316,0.020617,0.017161,0.025166,-1.4309,0.5542,-0.001107,0.012753,0.00027,0.82,2048,10000,200,100000
tent,3,5,0.05,1.710000,1.710500,0.49569,0,0.49579,0,0,0.055809,0.022288,0.028756,-0.024649,-1.4047,0.5737,-0.003544,0.011032,-0.00015,-0.86,2048,10000,200,100000
tent,3,5,0.05,1.718000,1.718500,0.49881,0,0.49843,0,0,0.066941,0.020813,0.015674,0.037468,-1.4215,0.5615,0.003140,0.010941,0.00025,1.25,2048,10000,200,100000
tent,3,5,0.05,1.726000,1.726500,0.50259,0,0.50292,0,0,0.062288,0.021714,0.002135,0.005063,-1.4127,0.5635,0.004309,0.013784,-0.00007,-0.39,2048,10000,200,100000
tent,3,5,0.05,1.734000,1.734500,0.50646,0,0.50668,0,0,0.074631,0.023588,0.006535,0.015141,-1.3834,0.5762,-0.003154,0.012806,-0.00020,-0.99,2048,10000,200,100000
tent,3,5,0.05,1.742000,1.742500,0.51000,0,0.50952,0,0,0.089633,0.022288,-0.002003,-0.038483,-1.3489,0.6079,-0.000431,0.009732,0.00008,0.31,2048,10000,200,100000
tent,3,5,0.05,1.750000,1.750500,0.51384,0,0.51386,0,0,0.060945,0.022085,0.007397,0.006902,-1.3381,0.6113,0.000269,0.010510,-0.00031,-1.57,2048,10000,200,100000
tent,3,5,0.05,1.758000,1.758500,0.51669,0,0.51784,0,0,0.061144,0.023340,0.002329,0.007750,-1.3170,0.6357,0.015047,0.015047,0.00016,0.08,2048,10000,200,100000
tent,3,5,0.05,1.766000,1.766500,0.52097,0,0.52133,0,0,0.066185,0.021134,0.020499,0.027151,-1.3303,0.6265,-0.005576,0.013253,-0.00030,-1.65,2048,10000,200,100000
tent,3,5,0.05,1.774000,1.774500,0.52463,0,0.52459,0,0,0.074649,0.025456,-0.007961,-0.011169,-1.2929,0.6514,0.007251,0.013220,0.00002,-0.76,2048,10000,200,100000
tent,3,5,0.05,1.782000,1.782500,0.52793,0,0.52861,0,0,0.059694,0.021928,-0.050825,-0.042844,-1.2758,0.6426,0.004315,0.009273,-0.00013,-0.49,2048,10000,200,100000
tent,3,5,0.05,1.790000,1.790500,0.53188,0,0.53204,0,0,0.081432,0.021558,0.000161,0.012691,-1.2764,0.6489,-0.004910,0.014019,-0.00007,-0.31,2048,10000,200,100000
tent,3,5,0.05,1.798000,1.798500,0.53533,0,0.53565,0,0,0.071648,0.020820,-0.033936,-0.012394,-1.2490,0.6577,0.002558,0.010449,-0.00015,-0.71,2048,10000,200,100000
tent,3,5,0.05,1.806000,1.806500,0.53891,0,0.53956,0,0,0.061719,0.020135,-0.023676,0.002232,-1.2427,0.6665,-0.004467,0.012730,-0.00031,-2.12,2048,10000,200,100000
tent,3,5,0.05,1.814000,1.814500,0.54339,0,0.54344,0,0,0.064439,0.022104,0.013001,-0.024149,-1.2365,0.6699,0.003497,0.010908,-0.00018,-1.50,2048,10000,200,100000
tent,3,5,0.05,1.822000,1.822500,0.54745,0,0.54787,0,0,0.064563,0.023524,-0.012022,-0.048306,-1.2092,0.6904,-0.004022,0.012249,-0.00003,-0.63,2048,10000,200,100000
tent,3,5,0.05,1.830000,1.830500,0.55201,0,0.55198,0,0,0.078012,0.022588,0.019485,-0.006853,-1.1923,0.6938,-0.003420,0.013611,0.00007,0.13,2048,10000,200,100000
tent,3,5,0.05,1.838000,1.838500,0.55598,0,0.55672,0,0,0.072164,0.022663,-0.015013,-0.023524,-1.2059,0.6904,-0.001927,0.011675,0.00008,0.36,2048,10000,200,100000
tent,3,5,0.05,1.846000,1.846500,0.56066,0,0.56100,0,0,0.065051,0.020943,0.014677,0.003225,-1.2086,0.6768,0.001145,0.008186,0.00053,2.08,2048,10000,200,100000
tent,3,5,0.05,1.854000,1.854500,0.56537,0,0.56553,0,0,0.059646,0.022945,-0.032259,-0.001842,-1.1706,0.6963,-0.009758,0.009758,-0.00020,-0.86,2048,10000,200,100000
tent,3,5,0.05,1.862000,1.862500,0.56977,0,0.57015,0,0,0.073401,0.023919,0.049186,-0.006494,-1.1780,0.7065,-0.012382,0.012496,0.00044,0.46,2048,10000,200,100000
tent,3,5,0.05,1.870000,1.870500,0.57476,0,0.57472,0,0,0.069768,0.022117,0.024712,0.004686,-1.1617,0.7046,-0.001177,0.010878,-0.00050,-2.40,2048,10000,200,100000
tent,3,5,0.05,1.878000,1.878500,0.57853,0,0.57895,0,0,0.079540,0.020539,-0.009702,-0.013546,-1.1471,0.7134,0.005940,0.011297,-0.00027,-1.07,2048,10000,200,100000
tent,3,5,0.05,1.886000,1.886500,0.58310,0,0.58254,0,0,0.061981,0.020630,0.008935,0.014212,-1.1352,0.7241,0.004570,0.010684,0.00008,0.25,2048,10000,200,100000
tent,3,5,0.05,1.894000,1.894500,0.58694,0,0.58723,0,0,0.055538,0.021619,0.017675,0.019325,-1.0974,0.7466,-0.002838,0.009908,0.00017,0.62,2048,10000,200,100000
tent,3,5,0.05,1.902000,1.902500,0.59107,0,0.59133,0,0,0.073980,0.020560,0.002320,0.009219,-1.0978,0.7393,-0.000060,0.010239,-0.00043,-1.57,2048,10000,200,100000
tent,3,5,0.05,1.910000,1.910500,0.59555,0,0.59551,0,0,0.058522,0.020365,-0.005619,-0.019412,-1.0591,0.7583,0.000484,0.011310,-0.00064,-2.53,2048,10000,200,100000
tent,3,5,0.05,1.918000,1.918500,0.59987,0,0.59977,0,0,0.063199,0.021133,-0.025780,-0.036996,-1.0582,0.7603,-0.002972,0.010429,0.00022,-0.11,2048,10000,200,100000
tent,3,5,0.05,1.926000,1.926500,0.60381,0,0.60366,0,0,0.057788,0.022189,-0.026416,-0.023155,-1.0614,0.7422,0.003575,0.011599,0.00102,2.68,2048,10000,200,100000
tent,3,5,0.05,1.934000,1.934500,0.60679,0,0.60816,0,0,0.059951,0.021327,0.009854,0.007274,-1.0420,0.7637,0.001748,0.010327,0.00022,2.04,2048,10000,200,100000
tent,3,5,0.05,1.942000,1.942500,0.61144,0,0.61128,0,0,0.058135,0.021919,-0.018167,0.023034,-1.0226,0.7681,-0.006127,0.009504,0.00007,0.13,2048,10000,200,100000
tent,3,5,0.05,1.950000,1.950500,0.61571,0,0.61587,0,0,0.055690,0.021089,0.017093,0.036189,-1.0373,0.7598,-0.006566,0.011370,0.00018,0.49,2048,10000,200,100000
tent,3,5,0.05,1.958000,1.958500,0.61959,0,0.61949,0,0,0.068115,0.022243,-0.003954,-0.010366,-0.9837,0.7871,0.004856,0.010967,-0.00001,-0.31,2048,10000,200,100000
tent,3,5,0.05,1.966000,1.966500,0.62402,0,0.62455,0,0,0.066208,0.023150,0.007079,0.005418,-1.0043,0.7817,0.001097,0.008802,0.00069,1.25,2048,10000,200,100000
tent,3,5,0.05,1.974000,1.974500,0.62809,0,0.62850,0,0,0.053736,0.020415,0.026625,-0.041782,-0.9499,0.7983,-0.005153,0.007696,0.00075,1.68,2048,10000,200,100000
tent,3,5,0.05,1.982000,1.982500,0.63252,0,0.63313,0,0,0.071342,0.022884,0.007107,0.015457,-0.9562,0.7949,-0.000177,0.009667,0.00014,-0.12,2048,10000,200,100000
tent,3,5,0.05,1.990000,1.990500,0.63693,0,0.63719,0,0,0.072361,0.024265,0.004998,0.005030,-0.9640,0.7949,0.001764,0.011612,-0.00065,-2.16,2048,10000,200,100000
tent,3,5,0.05,1.998000,1.998500,0.64142,0,0.64154,0,0,0.064693,0.021116,0.009165,0.003249,-0.9183,0.8076,-0.000137,0.008906,0.00017,0.20,2048,10000,200,100000
